smiles_canonical,ic50_nM,n_records,had_salt
Brc1ccc2nc(Nc3ccccc3)ncc2c1,5005.0,2,False
C=CCOCCOc1cc(-c2cn[nH]c2)ccc1NC(=O)C1COc2ccc(OC)cc2C1,4.806,2,True
CC(=O)N1CCN(C(=O)c2ccc3c(c2)CN(c2cccc(-c4nncn4C4CC4)n2)C3=O)CC1,0.2,1,False
CC(=O)NC1CC(n2c3ccc(O)cc3c3c4c(c5c6ccccc6[nH]c5c32)CNC4=O)OC(C)C1O,6.4,1,False
CC(=O)NC1CC(n2c3ccccc3c3c4c(c5c6cc(O)ccc6[nH]c5c32)CNC4=O)OC(C)C1O,50.0,1,False
CC(=O)NC1CC2OC(C)(C1O)n1c3ccccc3c3c4c(c5c6ccccc6n2c5c31)C(=O)NC4,0.77,1,False
CC(=O)NC1CCN(C(=O)c2ccc3c(c2)CN(c2cccc(-c4nncn4C4CC4)n2)C3=O)CC1,0.2,1,False
CC(=O)N[C@@H]1C[C@H](n2c3ccc(O)cc3c3c4c(c5c6ccccc6[nH]c5c32)CNC4=O)O[C@@H](C)[C@@H]1O,6400.0,1,False
CC(=O)N[C@@H]1C[C@H](n2c3ccccc3c3c4c(c5c6cc(O)ccc6[nH]c5c32)CNC4=O)O[C@@H](C)[C@@H]1O,50000.0,1,False
CC(=O)N[C@H]1C[C@H]2O[C@@](C)([C@@H]1O)n1c3ccccc3c3c4c(c5c6ccccc6n2c5c31)C(=O)NC4,770.0,1,False
CC(=O)Nc1ccc2c(c1)CN(c1cccc(-c3nncn3C3CC3)n1)C2=O,0.6,1,False
CC(=O)Nc1cccc(Nc2ncc3cc(-c4cccc(N)c4)ccc3n2)c1,5005.0,2,False
CC(=O)Nc1cccc(Nc2ncc3cc(-c4cn[nH]c4)ccc3n2)c1,100.1,2,False
CC(=O)Nc1cccc(Nc2ncc3cc(-c4cnn(C)c4)ccc3n2)c1,5005.0,2,False
CC(=O)Nc1cccc(Nc2ncc3cc(Br)ccc3n2)c1,5005.0,2,False
CC(=O)Nc1cccc(Nc2ncc3ccccc3n2)c1,7.79,5,False
CC(=O)Nc1cccc(Nc2ncnc3[nH]cnc23)c1,10000.0,1,False
CC(=O)Nc1cccc(Nc2ncnc3nc[nH]c23)c1,10.0,1,False
CC(=O)Nc1cccc2cc(C(=O)Nc3cccc(-c4nncn4C(C)C)n3)[nH]c12,120.17005,2,False
CC(=O)c1c(O)nc2cccc3c2c1-c1ccccc1C3=O,15000.0,1,False
CC(=O)c1c2c3c(ccc(C)c3[nH]c1=O)C(=O)c1ccccc1-2,35000.0,1,False
CC(=O)c1cccc(-c2nc(NCc3ccccc3)c3ncn(Cc4ccc(C(F)(F)F)cc4)c3n2)c1,19.238,2,False
CC(C(=O)O)N1C(=O)/C(=C/c2ccc(-c3ccc(Cl)c(Cl)c3)o2)SC1=S,650.0,1,False
CC(C(=O)O)N1C(=O)C(=Cc2ccc(-c3ccc(Cl)c(Cl)c3)o2)SC1=S,0.495,2,False
CC(C)(C(=O)NCCn1ccc2ncnc(Nc3ccc(Oc4cccc(Cl)c4)c(Cl)c3)c21)S(C)(=O)=O,5005.0,2,True
CC(C)(C(=O)O)c1ccc(C(=O)Nc2cn3cc(-c4ccsc4)ccc3n2)cc1,9.5095,2,False
CC(C)(C)C(=O)N(c1ccccc1)c1cccc(Nc2ncc3cc(-c4cn[nH]c4)ccc3n2)c1,5005.0,2,False
CC(C)(C)C(=O)N(c1ccccc1)c1cccc(Nc2ncc3cc(Br)ccc3n2)c1,5005.0,2,False
CC(C)(C)NS(=O)(=O)c1cncc(-c2ccn3nc(N)nc3c2)c1,5005.0,2,False
CC(C)(C)c1cc(NC(=O)Nc2ccc(-c3cn4c(n3)sc3cc(OCCN5CCOCC5)ccc34)cc2)no1,10.0,1,False
CC(C)(C)c1ccc(C(=O)Nc2cn3c(ccc4ccccc43)n2)cc1,7.5075,2,False
CC(C)(C)c1ccc(C(=O)Nc2cn3cc(-c4ccccc4)ccc3n2)cc1,41.041,2,False
CC(C)(C)c1ccc(C(=O)Nc2cn3cc(-c4cccnc4)ccc3n2)cc1,10.5105,2,False
CC(C)(C)c1ccc(C(=O)Nc2cn3cc(-c4cn[nH]c4)ccc3n2)cc1,3.15315,2,False
CC(C)(C)c1ccc(C(=O)Nc2cn3cc(-n4cccc4)ccc3n2)cc1,15.015,2,False
CC(C)(C)c1ccc(C(=O)Nc2cn3cc(-n4ccnc4)ccc3n2)cc1,14.0,5,True
CC(C)(C)c1ccc(C(=O)Nc2cn3cc(Br)ccc3n2)cc1,10.5105,2,False
CC(C)(C)c1ccc(C(=O)Nc2cn3cc(CO)ccc3n2)cc1,64.5645,2,False
CC(C)(C)c1ccc(C(=O)Nc2cn3cc(Cl)ccc3n2)cc1,8.008,2,False
CC(C)(C)c1ccc(C(=O)Nc2cn3cc(F)ccc3n2)cc1,17.017,2,False
CC(C)(C)c1ccc(C2C(=C(O)c3ccc4c(c3)OCCO4)C(=O)C(=O)N2c2nc3ccc(Cl)cc3s2)cc1,2.5,1,False
CC(C)(C)c1ccc(C2C(C(=O)c3ccc4c(c3)OCCO4)=C(O)C(=O)N2c2nc3ccc(Cl)cc3s2)cc1,2500.0,1,False
CC(C)(CO)c1ccc(C(=O)Nc2cc3c(cn2)c(Cl)cn3C2CC2)cc1,16.0,1,False
CC(C)(CO)c1ccc(C(=O)Nc2cn3cc(-n4ccnc4)ccc3n2)cc1,16.016,2,False
CC(C)(N)C(=O)NCCn1ccc2ncnc(Nc3ccc(Oc4cccc5sncc45)c(Cl)c3)c21,5005.0,2,False
CC(C)(O)CC(=O)NCCn1ccc2ncnc(Nc3ccc(Oc4cccc(C(F)(F)F)c4)c(Cl)c3)c21,5005.0,2,False
CC(C)(O)c1ccc(C(=O)Nc2cc3c(ccn3CC3CC3)cn2)cc1,159.0,2,False
CC(C)(O)c1ccc(C(=O)Nc2cc3c(ccn3CS(C)(=O)=O)cn2)cc1,12446.0,1,False
CC(C)(O)c1ccc(C(=O)Nc2cc3c(cn2)c(Br)cn3CC2CC2)cc1,32.5,2,False
CC(C)(O)c1ccc(C(=O)Nc2cn3cc(-n4ccnc4)ccc3n2)cc1,35.035,2,False
CC(C)CCOc1cccc(C2C(=C(O)c3ccc4c(c3)CC(C)O4)C(=O)C(=O)N2c2nc3ccc(F)cc3s2)c1,0.52,1,False
CC(C)CCOc1cccc(C2C(C(=O)c3ccc4c(c3)CC(C)O4)=C(O)C(=O)N2c2nc3ccc(F)cc3s2)c1,520.0,1,False
CC(C)CN(C)c1nc2cc(C(=O)Nc3cccc(-c4nncn4C(C)C)n3)c(F)cc2nc1OC(C)C,0.55,1,False
CC(C)CN(C)c1nc2cc(C(=O)Nc3cccc(-c4nnnn4C(C)C)n3)c(F)cc2nc1OC(C)C,1.0,1,False
CC(C)CNC(=O)c1ccc2c(c1)CC(c1nc3ncc(-c4ccnc(N)n4)cc3[nH]1)CO2,19.226,2,True
CC(C)NC(=O)c1cccc(NC(=O)Nc2ccc(-c3ccnc4[nH]ccc34)cc2)c1,19.226,2,True
CC(C)Nc1nc2cc(C(=O)Nc3cccc(-c4nncn4C(C)C)n3)c(F)cc2nc1OC(C)C,0.055,1,False
CC(C)Nc1nc2cc(C(=O)Nc3cccc(-c4nncn4C(C)C)n3)ccc2nc1OC(C)C,0.055,1,False
CC(C)Nc1nc2cc(C(=O)Nc3cccc(-c4nnnn4C(C)C)n3)c(F)cc2nc1OC(C)C,1.0,1,False
CC(C)Nc1nc2cc(C(=O)Nc3cccc(-c4nnnn4C(C)CO)n3)c(F)cc2nc1OC(C)C,1.0,1,False
CC(C)OC(=O)Nc1cccc(-c2nncn2C(C)C)n1,236.78655,2,False
CC(C)Oc1cc2c(cc1-c1cccnc1)C(=O)N(c1cccc(-c3nncn3C3CC3)n1)C2,0.2,1,False
CC(C)Oc1ccc2c(c1)C(=O)N(c1cccc(-c3nncn3C(C)C)n1)C2,0.03162,3,False
CC(C)Oc1ccc2c(c1)C(=O)N(c1cccc(-c3nncn3C(C)CO)n1)C2,0.005660999999999999,2,False
CC(C)Oc1ccc2c(c1)C(=O)N(c1cccc(-c3nncn3[C@H](C)CO)n1)C2,5.012,1,False
CC(C)Oc1nc2cc(F)c(C(=O)Nc3cccc(-c4nncn4C(C)C)n3)cc2nc1OC(C)C,0.55,1,False
CC(C)Oc1nc2cc(F)c(C(=O)Nc3cccc(-c4nnnn4C(C)C)n3)cc2nc1N(C)C(C)C,1.0,1,False
CC(C)Oc1nc2cc(F)c(C(=O)Nc3cccc(-c4nnnn4C(C)C)n3)cc2nc1OC(C)C,1.0,1,False
CC(C)Oc1nc2ccc(C(=O)Nc3cccc(-c4nncn4C(C)C)n3)cc2nc1N1CCCCC1,1.0,1,False
CC(C)Oc1nc2ccc(C(=O)Nc3cccc(-c4nncn4C(C)C)n3)cc2nc1N1CCOCC1,0.55,1,False
CC(C)c1cc(NC(=O)Nc2cccc(-c3nncn3C(C)C)n2)[nH]n1,393.0,1,False
CC(C)c1cc(NC(=O)Nc2cccc(-c3nncn3C(C)C)n2)n[nH]1,0.393,1,False
CC(C)n1c(-c2ccc(C(N)=O)cc2)nc2c(Nc3ccc(Oc4ccccc4)cc3)ncnc21,20.048,2,False
CC(C)n1c(Nc2cccc(N(C)C)c2)nc2c(NC3CCN(Cc4ccccc4)CC3)ncnc21,18.795,2,False
CC(C)n1c(Nc2cccc(N(C)C)c2)nc2c(Nc3ccc(N4CCOCC4)cc3)ncnc21,7.851,2,False
CC(C)n1cc(-c2cc(C(=O)Nc3cccc(-c4nncn4C4CC4)n3)c(=O)n(Cc3ccccc3F)c2)cn1,9.13,1,False
CC(C)n1cnc2c(NC3CC3)nc(N3CCN(c4ccccn4)CC3)nc21,19.781,2,False
CC(C)n1cnc2c(NC3CCN(Cc4ccccc4)CC3)nc(Nc3ccc(N4CCOCC4)cc3)nc21,7.877,2,False
CC(C)n1cnc2c(NC3CCN(Cc4ccccc4)CC3)nc(Nc3cccc(N(C)C)c3)nc21,17.962,2,False
CC(C)n1cnc2c(NCc3cccc(C(F)(F)F)c3)nc(N3CCN(Cc4ccc5c(c4)OCO5)CC3)nc21,14.415000000000001,2,False
CC(C)n1cnc2c(NCc3cccc(C(F)(F)F)c3)nc(Nc3ccc(N4CCOCC4)cc3)nc21,5.910500000000001,2,False
CC(C)n1cnc2c(Nc3ccc(N4CCOCC4)cc3)nc(N3CCN(Cc4ccc5c(c4)OCO5)CC3)nc21,18.7135,2,False
CC(C)n1cnc2c(Nc3ccc(N4CCOCC4)cc3)nc(N3CCN(c4ccccn4)CC3)nc21,15.1455,2,False
CC(C)n1cnc2c(Nc3ccc(N4CCOCC4)cc3)nc(Nc3ccc(-n4ccnc4)cc3)nc21,19.056,2,False
CC(C)n1cnc2c(Nc3ccc(Oc4ccccc4)cc3)nc(N3CCOCC3)nc21,19.615000000000002,2,False
CC(C)n1cnc2c(Nc3ccc4c(c3)OCO4)nc(NCc3ccc4c(c3)OCO4)nc21,11.690999999999999,2,False
CC(C)n1cnc2c(Nc3ccc4c(c3)OCO4)nc(Nc3ccc(N4CCOCC4)cc3)nc21,20.006,2,False
CC(C)n1cnc2c(Nc3ccc4c(c3)OCO4)nc(Nc3cccc(N(C)C)c3)nc21,19.919,2,False
CC(C)n1cnc2c(Nc3ccccc3)nc(Nc3ccc(N4CCOCC4)cc3)nc21,18.377000000000002,2,False
CC(C)n1cnnc1-c1ccc2[nH]nc(-c3cc(N4CCOCC4)cc(-n4cnc(C5CC5)c4)c3)c2c1,37.58755,2,False
CC(C)n1cnnc1-c1ccc2[nH]nc(-c3ccc(N4CCOCC4)c(-n4cnc(C5CC5)c4)c3)c2c1,21.7165,4,False
CC(C)n1cnnc1-c1ccc2[nH]nc(-c3cccc(-c4cccnc4)c3)c2c1,141.6415,2,False
CC(C)n1cnnc1-c1ccc2[nH]nc(-c3cccc(-c4ccnn4C)c3)c2c1,427.9275,2,False
CC(C)n1cnnc1-c1ccc2[nH]nc(-c3cccc(-c4cnn(C)c4)c3)c2c1,35.9665,4,False
CC(C)n1cnnc1-c1ccc2[nH]nc(-c3cccc(-c4cnn(C5CCOCC5)c4)c3)c2c1,31.082,4,False
CC(C)n1cnnc1-c1ccc2[nH]nc(-c3cccc(-n4cnc(C5CC5)c4)c3)c2c1,31.1311,2,False
CC(C)n1cnnc1-c1ccc2[nH]nc(-c3cccc(-n4cnc(C5CC5)n4)c3)c2c1,22.9385,4,False
CC(C)n1cnnc1-c1ccc2[nH]nc(-c3cccc(C(=O)NC4CC4)c3)c2c1,135.6355,2,False
CC(C)n1cnnc1-c1ccc2[nH]nc(-c3cccc(C(=O)Nc4cnn(C)c4)c3)c2c1,72.072,2,False
CC(C)n1cnnc1-c1ccc2[nH]nc(-c3cccc(C(N)=O)c3)c2c1,37.137100000000004,2,False
CC(C)n1cnnc1-c1ccc2[nH]nc(-c3cccc(NC(=O)c4ccc(C(F)(F)F)cc4)c3)c2c1,98.5985,2,False
CC(C)n1cnnc1-c1ccc2[nH]nc(-c3cccc(S(C)(=O)=O)c3)c2c1,366.8665,2,False
CC(C)n1cnnc1-c1cccc(N(C)C(=O)N(C)c2cc3ccccn3n2)n1,3323.8205,2,False
CC(C)n1cnnc1-c1cccc(N2Cc3ccc(-c4cccnc4)cc3C2=O)n1,0.2,1,False
CC(C)n1cnnc1-c1cccc(N2Cc3ccc(OCC4CN(C)CCO4)cc3C2=O)n1,0.00631,2,False
CC(C)n1cnnc1-c1cccc(N2Cc3ccc(OC[C@@H]4CN(C)CCO4)cc3C2=O)n1,6.31,1,False
CC(C)n1cnnc1-c1cccc(N2Cc3ccccc3C2=O)n1,6.302,6,False
CC(C)n1cnnc1-c1cccc(NC(=O)C2CCCCO2)n1,125.73,4,False
CC(C)n1cnnc1-c1cccc(NC(=O)C2CN(C)CCO2)n1,1.001,2,False
CC(C)n1cnnc1-c1cccc(NC(=O)C2CN(c3ccc(C4CC4)nc3)CCO2)n1,0.017,3,False
CC(C)n1cnnc1-c1cccc(NC(=O)C2CN(c3ccccc3)CCO2)n1,65.065,2,False
CC(C)n1cnnc1-c1cccc(NC(=O)C2CN(c3cccnc3)CCO2)n1,15.5155,2,False
CC(C)n1cnnc1-c1cccc(NC(=O)N(C)c2ccc3ccccc3n2)n1,159.4593,2,False
CC(C)n1cnnc1-c1cccc(NC(=O)NCc2ccccc2)n1,3512.509,2,False
CC(C)n1cnnc1-c1cccc(NC(=O)Nc2cc(C3CC3)[nH]n2)n1,0.1237,1,False
CC(C)n1cnnc1-c1cccc(NC(=O)Nc2cc(C3CC3)n[nH]2)n1,123.7,1,False
CC(C)n1cnnc1-c1cccc(NC(=O)Nc2cc(C3CC3)nn2C)n1,5005.0,2,False
CC(C)n1cnnc1-c1cccc(NC(=O)Nc2cc3ccccc3cn2)n1,25.325300000000002,2,False
CC(C)n1cnnc1-c1cccc(NC(=O)Nc2cc3ccccn3n2)n1,42.69265,2,False
CC(C)n1cnnc1-c1cccc(NC(=O)Nc2ccc(-c3ccn(C)n3)cn2)n1,32.1321,2,False
CC(C)n1cnnc1-c1cccc(NC(=O)Nc2ccc(-c3cnn(C)c3)cc2)n1,122.8227,2,False
CC(C)n1cnnc1-c1cccc(NC(=O)Nc2ccc(-c3cnn(C)c3)cn2)n1,32.1321,2,False
CC(C)n1cnnc1-c1cccc(NC(=O)Nc2ccc3ccccc3n2)n1,34.58455,2,False
CC(C)n1cnnc1-c1cccc(NC(=O)Nc2cccc(-c3cnn(C)c3)c2)n1,1061.06,2,False
CC(C)n1cnnc1-c1cccc(NC(=O)Nc2ccccc2)n1,1420.419,2,False
CC(C)n1cnnc1-c1cccc(NC(=O)Nc2ccccn2)n1,21.7217,2,False
CC(C)n1cnnc1-c1cccc(NC(=O)Nc2cccnc2)n1,604.604,2,False
CC(C)n1cnnc1-c1cccc(NC(=O)Nc2ccn[nH]2)n1,33.38335,2,False
CC(C)n1cnnc1-c1cccc(NC(=O)Nc2ccnc3ccccc23)n1,1630.629,2,False
CC(C)n1cnnc1-c1cccc(NC(=O)Nc2ccncc2)n1,168.7686,2,False
CC(C)n1cnnc1-c1cccc(NC(=O)Nc2cnc3ccccc3n2)n1,29.029,2,False
CC(C)n1cnnc1-c1cccc(NC(=O)Nc2cnc3ccccn23)n1,5005.0,2,False
CC(C)n1cnnc1-c1cccc(NC(=O)Nc2cncc3ccccc23)n1,5005.0,2,False
CC(C)n1cnnc1-c1cccc(NC(=O)Nc2cnccn2)n1,45.19515,2,False
CC(C)n1cnnc1-c1cccc(NC(=O)Nc2cnn(C)c2)n1,930.4295,2,False
CC(C)n1cnnc1-c1cccc(NC(=O)Nc2cnn3ccccc23)n1,1824.823,2,False
CC(C)n1cnnc1-c1cccc(NC(=O)Nc2nc3ccccc3[nH]2)n1,55.4554,2,False
CC(C)n1cnnc1-c1cccc(NC(=O)Nc2ncc3[nH]cnc3n2)n1,16.316300000000002,2,False
CC(C)n1cnnc1-c1cccc(NC(=O)Nc2ncc3ccccc3n2)n1,32.882850000000005,2,False
CC(C)n1cnnc1-c1cccc(NC(=O)Nc2nccc3ccccc23)n1,24.27425,2,False
CC(C)n1cnnc1-c1cccc(NC(=O)Nc2ncnc3ccccc23)n1,35.5355,2,False
CC(C)n1cnnc1-c1cccc(NC(=O)Nc2nn(C)c3ccccc23)n1,129.77965,2,False
CC(C)n1cnnc1-c1cccc(NC(=O)OCc2ccccc2)n1,762.2615,2,False
CC(C)n1cnnc1-c1cccc(NC(=O)Oc2ccccc2)n1,5005.0,2,False
CC(C)n1cnnc1-c1cccc(NC(=O)[C@H]2CN(c3ccc(C4CC4)nc3)CCO2)n1,17.0,1,False
CC(C)n1cnnc1-c1cccc(NC(=O)c2[nH]c3ccccc3c2-c2ccoc2)n1,71.4714,2,False
CC(C)n1cnnc1-c1cccc(NC(=O)c2cc3c(-c4cnn(C)c4)cccc3[nH]2)n1,9.809800000000001,2,False
CC(C)n1cnnc1-c1cccc(NC(=O)c2cc3c(C(F)(F)F)nn(C)c3[nH]c2=O)c1,5000.0,1,False
CC(C)n1cnnc1-c1cccc(NC(=O)c2cc3c(C(F)(F)F)nn(C)c3[nH]c2=O)n1,2660.0,1,False
CC(C)n1cnnc1-c1cccc(NC(=O)c2cc3c(C(F)(F)F)nn(C)c3n(C)c2=O)c1,5000.0,1,False
CC(C)n1cnnc1-c1cccc(NC(=O)c2cc3c(C(F)(F)F)nn(C)c3nc2OCc2ccccc2F)n1,5000.0,1,False
CC(C)n1cnnc1-c1cccc(NC(=O)c2cc3c(cc2F)C(C)(C)CC(=O)N3)n1,102.0,1,False
CC(C)n1cnnc1-c1cccc(NC(=O)c2cc3c(cc2F)C(C)(C)CC(=O)N3C)n1,63.0,1,False
CC(C)n1cnnc1-c1cccc(NC(=O)c2cc3c(cc2F)CCC(=O)N3)n1,19.0,1,False
CC(C)n1cnnc1-c1cccc(NC(=O)c2cc3c(cc2F)CCC(=O)N3C)n1,29.0,1,False
CC(C)n1cnnc1-c1cccc(NC(=O)c2cc3c(cc2F)CCCC(=O)N3)c1,200.0,1,False
CC(C)n1cnnc1-c1cccc(NC(=O)c2cc3c(cc2F)CCCC(=O)N3)n1,86.0,1,False
CC(C)n1cnnc1-c1cccc(NC(=O)c2cc3c(cc2F)CCCC(=O)N3C)n1,161.0,1,False
CC(C)n1cnnc1-c1cccc(NC(=O)c2cc3c(cc2F)OC(C)(C)C(=O)N3)n1,49.0,1,False
CC(C)n1cnnc1-c1cccc(NC(=O)c2cc3c(cc2F)OCC(=O)N3C)n1,26.0,1,False
CC(C)n1cnnc1-c1cccc(NC(=O)c2cc3c(cc2F)OCc2cncn2-3)n1,31.0,1,False
CC(C)n1cnnc1-c1cccc(NC(=O)c2cc3cc(-c4cn[nH]c4)ccc3[nH]2)n1,15.815800000000001,2,False
CC(C)n1cnnc1-c1cccc(NC(=O)c2cc3cc(-n4cnc(C5CC5)c4)ccc3cn2)n1,0.0055,1,False
CC(C)n1cnnc1-c1cccc(NC(=O)c2cc3cc(Br)ccc3cn2)n1,0.0055,1,False
CC(C)n1cnnc1-c1cccc(NC(=O)c2cc3cc(N4CCCCC4)ccc3cn2)n1,0.0055,1,False
CC(C)n1cnnc1-c1cccc(NC(=O)c2cc3ccc(-c4cccnc4)cc3[nH]2)n1,34.28425,2,False
CC(C)n1cnnc1-c1cccc(NC(=O)c2cc3ccc(-c4cn[nH]c4)cc3[nH]2)n1,18.76875,2,False
CC(C)n1cnnc1-c1cccc(NC(=O)c2cc3ccc(-c4cnn(C5CCOCC5)c4)cc3[nH]2)n1,36.88685,2,False
CC(C)n1cnnc1-c1cccc(NC(=O)c2cc3cccc(-c4ccncc4)c3[nH]2)n1,11.56155,2,False
CC(C)n1cnnc1-c1cccc(NC(=O)c2cc3cccc(-c4ccsc4)c3[nH]2)n1,76.72665,2,False
CC(C)n1cnnc1-c1cccc(NC(=O)c2cc3cccc(-c4cn[nH]c4)c3[nH]2)n1,19.46945,2,False
CC(C)n1cnnc1-c1cccc(NC(=O)c2cc3cccc(Cl)c3[nH]2)n1,44.8448,2,False
CC(C)n1cnnc1-c1cccc(NC(=O)c2cc3ccccc3[nH]2)n1,20.7207,2,False
CC(C)n1cnnc1-c1cccc(NC(=O)c2cc3ccccc3cc2F)n1,0.55,1,False
CC(C)n1cnnc1-c1cccc(NC(=O)c2cc3ccccc3cn2)n1,0.0055,1,False
CC(C)n1cnnc1-c1cccc(NC(=O)c2cc3ccccc3n2C)n1,371.8715,2,False
CC(C)n1cnnc1-c1cccc(NC(=O)c2cc3ccccc3o2)n1,75.8758,2,False
CC(C)n1cnnc1-c1cccc(NC(=O)c2cc3cccnc3[nH]2)n1,62.61255,2,False
CC(C)n1cnnc1-c1cccc(NC(=O)c2ccc3cc(-c4ccc(C(C)(C)C)cc4)cnc3c2)n1,1.0,1,False
CC(C)n1cnnc1-c1cccc(NC(=O)c2ccc3cc(Br)cnc3c2)n1,0.55,1,False
CC(C)n1cnnc1-c1cccc(NC(=O)c2ccc3cc(N4CCOCC4)cnc3c2)n1,0.055,1,False
CC(C)n1cnnc1-c1cccc(NC(=O)c2ccc3ccc(Cl)nc3c2)n1,0.55,1,False
CC(C)n1cnnc1-c1cccc(NC(=O)c2ccc3ccc(N(C)C)nc3c2)n1,1.0,1,False
CC(C)n1cnnc1-c1cccc(NC(=O)c2ccc3ccc(N4CC5(COC5)C4)nc3c2)n1,1.0,1,False
CC(C)n1cnnc1-c1cccc(NC(=O)c2ccc3ccc(N4CC5CCC(C4)O5)nc3c2)n1,0.55,1,False
CC(C)n1cnnc1-c1cccc(NC(=O)c2ccc3ccc(N4CCCCC4)nc3c2)n1,0.055,1,False
CC(C)n1cnnc1-c1cccc(NC(=O)c2ccc3ccc(N4CCN(C(C)(C)C)CC4)nc3c2)n1,1.0,1,False
CC(C)n1cnnc1-c1cccc(NC(=O)c2ccc3ccc(N4CCOCC4)nc3c2)n1,0.55,1,False
CC(C)n1cnnc1-c1cccc(NC(=O)c2ccc3ccc(NC4CCCCC4)nc3c2)n1,1.0,1,False
CC(C)n1cnnc1-c1cccc(NC(=O)c2ccc3ccccc3c2)n1,0.55,1,False
CC(C)n1cnnc1-c1cccc(NC(=O)c2ccc3cccnc3c2)n1,1.0,1,False
CC(C)n1cnnc1-c1cccc(NC(=O)c2ccc3nccnc3c2)n1,0.55,1,False
CC(C)n1cnnc1-c1cccc(NC(=O)c2cccc(-c3ncc[nH]3)c2)n1,85.085,2,False
CC(C)n1cnnc1-c1cccc(NC(=O)c2cccc(C(N)=O)c2)n1,290.29,2,False
CC(C)n1cnnc1-c1cccc(NC(=O)c2ccccc2)n1,209.055,6,False
CC(C)n1cnnc1-c1cccc(NC(=O)c2ccccc2F)n1,42.082,6,False
CC(C)n1cnnc1-c1cccc(NC(=O)c2ccn(C)n2)n1,24.5,4,False
CC(C)n1cnnc1-c1cccc(NC(=O)c2cnn(C)c2)n1,57.3985,4,False
CC(C)n1cnnc1-c1cccc(NC(=O)c2nc3ccccc3s2)n1,253.253,2,False
CC(C)n1cnnc1-c1nc(C(=O)Nc2ccccn2)cs1,200.2,2,False
CC(C)n1cnnc1-c1nc(C(=O)Nc2cnn(C3COC3)c2)cs1,0.13,1,False
CC(C)n1nnnc1-c1cccc(NC(=O)c2cc3cc(Br)ccc3cn2)n1,1.0,1,False
CC(C)n1nnnc1-c1cccc(NC(=O)c2cc3ccccc3cc2F)n1,1.0,1,False
CC(CC#N)n1cnnc1-c1cccc(N2Cc3ccccc3C2=O)n1,9.984975,2,False
CC(CCO)n1cnnc1-c1cccc(N2Cc3ccccc3C2=O)n1,19.924905000000003,2,False
CC(CF)n1cnnc1-c1cccc(N2Cc3ccccc3C2=O)n1,6.301295,2,False
CC(CO)n1cnnc1-c1cccc(N2Cc3ccccc3C2=O)n1,0.020810000000000002,2,False
CC(CO)n1cnnc1-c1cccc(NC(=O)Nc2cc3ccccn3n2)n1,0.0338,1,False
CC(CO)n1cnnc1-c1cccc(NC(=O)Nc2ccc3ccccc3n2)n1,0.0474,1,False
CC(CO)n1cnnc1-c1cccc(NC(=O)Nc2cnc3ccccc3n2)n1,0.1139,1,False
CC(CO)n1cnnc1-c1cccc(NC(=O)Nc2ncc3ccccc3n2)n1,0.081,1,False
CC(CO)n1cnnc1-c1cccc(NC(=O)Nc2nccc3ccccc23)n1,0.0379,1,False
CC(CO)n1cnnc1-c1cccc(NC(=O)c2cc3c(cc2F)CCCC(=O)N3C)n1,200.0,1,False
CC(CO)n1cnnc1-c1cccc(NC(=O)c2cc3c(cc2F)OCC(=O)N3)n1,147.0,1,False
CC(CO)n1cnnc1-c1cccc(NC(=O)c2cc3ccccc3[nH]2)n1,0.0655,1,False
CC(O)=c1c(=O)nc2c(C)ccc3c2=c1c1ccccc1c3=O,35.0,1,False
CC(O)=c1c(=O)nc2cccc3c2=c1c1ccccc1c3=O,15.0,1,False
CC(c1ccccc1)N1c2cc(-n3c(=O)[nH]c4ncccc43)ccc2C(=O)NC1(C)C,1.0,1,False
CC(n1cnnc1-c1cccc(NC(=O)c2cccc3c2OCCN3C)n1)C(F)(F)F,0.097,2,False
CC(n1cnnc1-c1cccc(NC(=O)c2cccc3cccnc23)n1)C(F)(F)F,0.037,2,False
CC(n1cnnc1-c1cccc(NC(=O)c2cccc3nccnc23)n1)C(F)(F)F,0.026500000000000003,2,False
CC(n1cnnc1-c1cccc(NC(=O)c2cccn(C)c2=O)n1)C(F)(F)F,0.1905,2,False
CC(n1cnnc1-c1nc(N(C(=O)c2ccccn2)N2CC3CCCN3C(n3cnc(C4CC4)c3)C2)cs1)C(F)(F)F,0.0018,1,False
CC(n1cnnc1-c1nc(NC(=O)c2cc(-n3cnc(C4CC4)c3)c(N3CC(C(F)F)C3)cn2)cs1)C(F)(F)F,0.0017,1,False
CC(n1cnnc1-c1nc(NC(=O)c2cc(-n3cnc(C4CC4)c3)c(N3CC(C)(C#N)C3)cn2)cs1)C(F)(F)F,0.0014,1,False
CC(n1cnnc1-c1nc(NC(=O)c2cc(-n3cnc(C4CC4)c3)c(N3CC(N4CCOCC4)C3)cn2)cs1)C(F)(F)F,0.0019,1,False
CC(n1cnnc1-c1nc(NC(=O)c2cc(-n3cnc(C4CC4)c3)c(N3CC4(CCOCC4)C3)cn2)cs1)C(F)(F)F,0.0026,1,False
CC(n1cnnc1-c1nc(NC(=O)c2cc(-n3cnc(C4CC4)c3)c(N3CC4CC4C3)cn2)cs1)C(F)(F)F,0.0022,1,False
CC(n1cnnc1-c1nc(NC(=O)c2cc(-n3cnc(C4CC4)c3)c(N3CC4CN(C)CC4C3)cn2)cs1)C(F)(F)F,0.0024,1,False
CC(n1cnnc1-c1nc(NC(=O)c2cc(-n3cnc(C4CC4)c3)c(N3CCC(C#N)CC3)cn2)cs1)C(F)(F)F,0.0017,1,False
CC(n1cnnc1-c1nc(NC(=O)c2cc(-n3cnc(C4CC4)c3)c(N3CCC(C(F)(F)F)CC3)cn2)cs1)C(F)(F)F,0.0015,1,False
CC(n1cnnc1-c1nc(NC(=O)c2cc(-n3cnc(C4CC4)c3)c(N3CCC(F)(F)C3)cn2)cs1)C(F)(F)F,0.0021,1,False
CC(n1cnnc1-c1nc(NC(=O)c2cc(-n3cnc(C4CC4)c3)c(N3CCC(F)CC3)cn2)cs1)C(F)(F)F,0.0017,1,False
CC(n1cnnc1-c1nc(NC(=O)c2cc(-n3cnc(C4CC4)c3)c(N3CCC4(CC3)COC4)cn2)cs1)C(F)(F)F,0.0021,1,False
CC(n1cnnc1-c1nc(NC(=O)c2cc(-n3cnc(C4CC4)c3)c(N3CCCCC3)cn2)cs1)C(F)(F)F,0.35035,2,False
CC(n1cnnc1-c1nc(NC(=O)c2cc(-n3cnc(C4CC4)c3)c(N3CCCOCC3)cn2)cs1)C(F)(F)F,0.0019,1,False
CC(n1cnnc1-c1nc(NC(=O)c2cc(-n3cnc(C4CC4)c3)c(N3CCN(C4CC4)CC3)cn2)cs1)C(F)(F)F,0.0018,1,False
CC(n1cnnc1-c1nc(NC(=O)c2cc(-n3cnc(C4CC4)c3)c(N3CCN(CC(F)(F)F)CC3)cn2)cs1)C(F)(F)F,0.0012,1,False
CC(n1cnnc1-c1nc(NC(=O)c2cc(-n3cnc(C4CC4)c3)c(N3CCN(CC4CC4)CC3)cn2)cs1)C(F)(F)F,0.0018,1,False
CC(n1cnnc1-c1nc(NC(=O)c2cc(-n3cnc(C4CC4)c3)c(N3CCN4C(=O)OCC4C3)cn2)cs1)C(F)(F)F,0.0023,1,False
CC1(C#N)CN(c2cnc(C(=O)Nc3csc(-c4nncn4C4CC4)n3)cc2-n2cnc(C3CC3)c2)C1,0.0019,1,False
CC1(O)CCN(C(=O)c2ccc3c(c2)CN(c2cccc(-c4nncn4C4CC4)n2)C3=O)CC1,0.2,1,False
CC1(O)CCN(c2cnc(C(=O)Nc3csc(-c4nncn4C4CC4)n3)cc2-n2cnc(C3CC3)c2)CC1,2.5,1,False
CC1(O)CN(c2cnc(C(=O)Nc3csc(-c4nncn4C4CC4)n3)cc2-n2cnc(C3CC3)c2)C1,1.58,1,False
CC12OC(CC1(O)CO)n1c3ccccc3c3c4c(c5c6ccccc6n2c5c31)CNC4=O,0.07,1,False
CC1CCCOc2cc(F)ccc2C(=O)Nc2cccc(n2)-c2nncn21,0.024999999999999998,2,False
CC1CCCOc2ccccc2C(=O)Nc2cccc(n2)-c2nncn21,0.2115,4,False
CC1CCCOc2nn(C)cc2C(=O)Nc2cccc(n2)-c2nncn21,0.0194,2,False
CC1CCCn2cnnc2-c2cccc(n2)NC(=O)c2ccccc2O1,0.567,2,False
CC1CCOc2cc(F)c(-c3cnn(CCN(C)C)c3)cc2C(=O)Nc2cccc(n2)-c2nncn2C1,0.0225,2,False
CC1CCOc2cc(F)ccc2C(=O)Nc2cccc(n2)-c2nncn2C1,0.051500000000000004,2,False
CC1CCOc2ccccc2C(=O)Nc2cccc(n2)-c2nncn2C1,0.12300000000000001,2,False
CC1CCc2nnc(-c3cccc(N4Cc5ccccc5C4=O)n3)n21,0.2,3,False
CC1CCn2cnnc2-c2cccc(n2)NC(=O)c2ccccc2OC1,0.1,5,False
CC1OC(n2c3ccc(O)cc3c3c4c(c5c6ccccc6[nH]c5c32)CNC4=O)CC(N)C1O,1.1,1,False
CC1OC2CC(O)(C1O)n1c3ccccc3c3c4c(c5c6cc(O)ccc6n2c5c31)C(=O)NC4,27.05,2,False
CCC(C(=O)O)N1C(=O)/C(=C/c2ccc(-c3cc(Cl)ccc3Cl)o2)SC1=S,500.0,1,False
CCC(C(=O)O)N1C(=O)/C(=C/c2ccc(-c3ccc(Br)cc3)o2)SC1=S,500.0,1,False
CCC(C(=O)O)N1C(=O)/C(=C/c2ccc(-c3cccc(Cl)c3)o2)SC1=S,750.0,1,False
CCC(C(=O)O)N1C(=O)C(=Cc2ccc(-c3cc(Cl)ccc3Cl)o2)SC1=S,0.5,1,False
CCC(C(=O)O)N1C(=O)C(=Cc2ccc(-c3ccc(Br)cc3)o2)SC1=S,0.5,1,False
CCC(C(=O)O)N1C(=O)C(=Cc2ccc(-c3cccc(Cl)c3)o2)SC1=S,0.75,1,False
CCC(C)n1cnnc1-c1cccc(N2Cc3ccccc3C2=O)n1,0.035035,2,False
CCCC(C(=O)O)N1C(=O)/C(=C/c2ccc(-c3ccc(Br)cc3)o2)SC1=S,500.0,1,False
CCCC(C(=O)O)N1C(=O)/C(=C/c2ccc(-c3ccc(Cl)c(Cl)c3)o2)SC1=S,3900.0,1,False
CCCC(C(=O)O)N1C(=O)/C(=C/c2ccc(-c3ccc([N+](=O)[O-])cc3)o2)SC1=S,1800.0,1,False
CCCC(C(=O)O)N1C(=O)C(=Cc2ccc(-c3ccc(Br)cc3)o2)SC1=S,0.5,1,False
CCCC(C(=O)O)N1C(=O)C(=Cc2ccc(-c3ccc(Cl)c(Cl)c3)o2)SC1=S,3.9,1,False
CCCC(C(=O)O)N1C(=O)C(=Cc2ccc(-c3ccc([N+](=O)[O-])cc3)o2)SC1=S,1.8,1,False
CCCCCOc1ccc(C2C(=C(O)c3ccc4c(c3)CC(C)O4)C(=O)C(=O)N2c2nc3ccc(F)cc3s2)cc1,0.75,1,False
CCCCCOc1ccc(C2C(=C(O)c3ccc4c(c3)OCCO4)C(=O)C(=O)N2c2nc3ccc(C)cc3s2)cc1,5.2,1,False
CCCCCOc1ccc(C2C(C(=O)c3ccc4c(c3)CC(C)O4)=C(O)C(=O)N2c2nc3ccc(F)cc3s2)cc1,750.0,1,False
CCCCCOc1ccc(C2C(C(=O)c3ccc4c(c3)OCCO4)=C(O)C(=O)N2c2nc3ccc(C)cc3s2)cc1,5200.0,1,False
CCCCOc1ccc(C2C(=C(O)c3ccc4c(c3)OCCO4)C(=O)C(=O)N2c2nc3ccc(C)cc3s2)cc1,4.6,1,False
CCCCOc1ccc(C2C(=C(O)c3ccc4c(c3)OCCO4)C(=O)C(=O)N2c2nc3ccc(Cl)cc3s2)cc1,5.2,1,False
CCCCOc1ccc(C2C(=C(O)c3ccc4c(c3)OCCO4)C(=O)C(=O)N2c2nc3ccc(Cl)cc3s2)cc1OCC,3.6,1,False
CCCCOc1ccc(C2C(C(=O)c3ccc4c(c3)OCCO4)=C(O)C(=O)N2c2nc3ccc(C)cc3s2)cc1,4600.0,1,False
CCCCOc1ccc(C2C(C(=O)c3ccc4c(c3)OCCO4)=C(O)C(=O)N2c2nc3ccc(Cl)cc3s2)cc1,5200.0,1,False
CCCCOc1ccc(C2C(C(=O)c3ccc4c(c3)OCCO4)=C(O)C(=O)N2c2nc3ccc(Cl)cc3s2)cc1OCC,3600.0,1,False
CCCCn1cnnc1-c1cccc(NC(=O)c2cc3c(C(F)(F)F)nn(C)c3[nH]c2=O)n1,978.0,1,False
CCCN(CCC)c1[nH]cnc2ncnc1-2,25800.0,1,False
CCCN(CCC)c1ncnc2nc[nH]c12,25.8,1,False
CCCNc1nc(Nc2ccc(N3CCOCC3)cc2)nc2c1ncn2C1CCCCC1,19.141,2,False
CCCNc1nc(Nc2ccc(N3CCOCC3)cc2)nc2c1ncn2Cc1ccc(C(F)(F)F)cc1,12.982,2,False
CCCOc1ccc(C2C(=C(O)c3ccc4c(c3)OCCO4)C(=O)C(=O)N2c2nc3ccc(C)cc3s2)cc1,2.0,1,False
CCCOc1ccc(C2C(=C(O)c3ccc4c(c3)OCCO4)C(=O)C(=O)N2c2nc3ccc(Cl)cc3s2)cc1,5.0,1,False
CCCOc1ccc(C2C(C(=O)c3ccc4c(c3)OCCO4)=C(O)C(=O)N2c2nc3ccc(C)cc3s2)cc1,2000.0,1,False
CCCOc1ccc(C2C(C(=O)c3ccc4c(c3)OCCO4)=C(O)C(=O)N2c2nc3ccc(Cl)cc3s2)cc1,5000.0,1,False
CCN(CC)C(=O)C1CCCN(c2nc(Nc3ccc(N4CCOCC4)cc3)c3ncn(Cc4ccc(C(F)(F)F)cc4)c3n2)C1,16.6205,2,False
CCN(CC)CCNC(=O)c1c(C)[nH]c(C=C2C(=O)Nc3ccc(F)cc32)c1C,10.0,1,False
CCN(CC)c1nc(Nc2ccc(N3CCOCC3)cc2)nc(N2CCN(Cc3ccc4c(c3)OCO4)CC2)n1,13.461,2,False
CCN(CC)c1nc(Nc2ccc(N3CCOCC3)cc2)nc(Nc2ccc(-n3ccnc3)cc2)n1,7.412000000000001,2,False
CCN(CC)c1nc(Nc2ccc3c(c2)OCO3)nc(N2CCC(N3CCOCC3)CC2)n1,19.857,2,False
CCN(Cc1ccccc1)c1ccc2ccc(C(=O)Nc3cccc(-c4nncn4C(C)C)n3)cc2n1,1.0,1,False
CCNc1c2c3c(cccc3n(C)c1=O)C(=O)c1ccccc1-2,5005.0,2,False
CCNc1ccc2c(c1)CN(c1cccc(-c3nncn3C3CC3)n1)C2=O,0.2,1,False
CCNc1nc(Nc2ccc(N3CCOCC3)cc2)c2cc(OC)c(OC)cc2n1,8.007,2,False
CCOC(=O)c1c(O)nc2cccc3c2c1-c1ccccc1C3=O,3000.0,1,False
CCOC(=O)c1c2c3c(cccc3[nH]c1=O)C(=O)c1ccccc1-2,1.75,2,False
CCOC(=O)c1ccc(-c2ccc(/C=C3\SC(=S)N(C(CC(=O)O)C(C)=O)C3=O)o2)cc1,800.0,1,False
CCOC(=O)c1ccc(-c2ccc(C=C3SC(=S)N(C(CC(=O)O)C(C)=O)C3=O)o2)cc1,0.8,1,False
CCOC(C)n1cc(-c2ccc3cc(C(=O)Nc4cccc(-c5nncn5C(C)C)n4)[nH]c3c2)cn1,45.595549999999996,2,False
CCOC(C)n1cc(-c2cccc(-c3n[nH]c4ccc(-c5nncn5C(C)C)cc34)c2)cn1,17.180999999999997,4,False
CCOC(C)n1cc(-c2cncc(-c3n[nH]c4ccc(-c5nncn5C(C)C)cc34)c2)cn1,138.6385,2,False
CCOc1ccc(C(=O)C2=C(O)C(=O)N(c3nc4ccc(C)cc4s3)C2c2ccc(F)cc2)cc1,5500.0,1,False
CCOc1ccc(C(O)=C2C(=O)C(=O)N(c3nc4ccc(C)cc4s3)C2c2ccc(F)cc2)cc1,5.5,1,False
CCOc1ccc(C2C(C(=O)c3cccs3)=C(O)C(=O)N2c2nc3ccc(C)cc3s2)cc1,4554.55,2,False
CCOc1ccc2nc(N3C(=O)C(=O)C(=C(O)c4ccc(C)cc4)C3c3ccc(C(C)(C)C)cc3)sc2c1,2.0,1,False
CCOc1ccc2nc(N3C(=O)C(=O)C(=C(O)c4ccccc4)C3c3ccc(C(C)(C)C)cc3)sc2c1,5.0,1,False
CCOc1ccc2nc(N3C(=O)C(=O)C(=C(O)c4ccccc4)C3c3ccc(Cl)cc3)sc2c1,4.2,1,False
CCOc1ccc2nc(N3C(=O)C(O)=C(C(=O)c4ccc(C)cc4)C3c3ccc(C(C)(C)C)cc3)sc2c1,2000.0,1,False
CCOc1ccc2nc(N3C(=O)C(O)=C(C(=O)c4ccccc4)C3c3ccc(C(C)(C)C)cc3)sc2c1,5000.0,1,False
CCOc1ccc2nc(N3C(=O)C(O)=C(C(=O)c4ccccc4)C3c3ccc(Cl)cc3)sc2c1,4200.0,1,False
CCOc1ccc2nc(N3C(=O)C(O)=C(C(=O)c4cccs4)C3c3ccc(C)cc3)sc2c1,2202.2,2,False
CCS(=O)(=O)Nc1ccc(OC)c(C(=O)Nc2cccc(-c3nncn3C(C)C)n2)c1,0.1805,4,False
CCS(=O)(=O)Nc1cccc(-c2n[nH]c3ccc(-c4nncn4C(C)C)cc23)c1,9.9099,2,False
CCS(=O)(=O)Nc1cccc(C(=O)Nc2cccc(-c3nncn3C(C)C)n2)c1,36.5365,2,False
CC[C@@H](C)n1cnnc1-c1cccc(N2Cc3ccccc3C2=O)n1,50.12,1,False
CC[C@H](C)n1cnnc1-c1cccc(N2Cc3ccccc3C2=O)n1,19.95,1,False
CCc1cc(NC(=O)Nc2cccc(-c3nncn3C(C)C)n2)[nH]n1,152.7,1,False
CCc1cc(NC(=O)Nc2cccc(-c3nncn3C(C)C)n2)n[nH]1,0.1527,1,False
CCc1cc(Nc2nccc(-c3c(-c4ccc(OC)c(C(=O)Nc5c(F)cccc5F)c4)nc4ccccn34)n2)c(OC)cc1N1CCC(N2CCN(S(C)(=O)=O)CC2)CC1,25000.0,1,False
CCc1ccc(-c2ccc(/C=C3\SC(=S)N(C(CC(=O)O)C(=O)O)C3=O)o2)cc1,1800.0,1,False
CCc1ccc(-c2ccc(C=C3SC(=S)N(C(CC(=O)O)C(=O)O)C3=O)o2)cc1,1.8,1,False
CCn1c(=O)c(C(=O)Nc2cccc(-c3nncn3C3CCCCC3)n2)cc2c(C(F)(F)F)nn(C)c21,1570.0,1,False
CCn1cc(Br)c2cnc(NC(=O)c3ccc(C(C)(C)O)cc3)cc21,5.5,2,False
CCn1cc(Br)c2cnc(NC(=O)c3ccc([C@@](C)(O)CO)cc3)cc21,6.0,2,False
CCn1cc(C(=O)Nc2cccc(-c3nncn3C(C)C(F)(F)F)n2)c(OC)n1,0.0075,2,False
CCn1cc(C(=O)Nc2cccc(-c3nncn3C(C)C)n2)c(OC)n1,2.061,4,False
CCn1cc(C(=O)Nc2cccc(-c3nncn3[C@@H](C)C(F)(F)F)n2)c(OC)n1,7.5,2,False
CCn1cc(C)c2cnc(NC(=O)c3ccc(C(C)(C)O)cc3)cc21,13.5,2,False
CCn1cc(C)c2cnc(NC(=O)c3ccc([C@@](C)(O)CO)cc3)cc21,15.5,2,False
CCn1cc(Cl)c2cnc(NC(=O)c3ccc([C@@](C)(O)CO)c(C)c3)cc21,41.0,1,False
CCn1cc(Cl)c2cnc(NC(=O)c3ccc([C@@](C)(O)CO)cc3)cc21,11.0,2,False
CCn1cc(Cl)c2cnc(NC(=O)c3ccc([C@](C)(O)CO)cc3)cc21,10.5,2,False
CCn1cc(NC(=O)c2csc(-c3nncn3C(C)C)n2)cn1,0.6,3,False
CCn1ccc2cnc(NC(=O)c3ccc([C@@](C)(O)CO)c(C)c3)cc21,528.0,1,False
CCn1ccc2cnc(NC(=O)c3ccc([C@@](C)(O)CO)cc3)cc21,59.5,2,False
CCn1cnc(NC(=O)c2ccoc2)c1,250250.0,2,False
CCn1cnc(NC(=O)c2cscn2)c1,50050.0,2,False
CCn1nccc1-c1ccc2cnc(C(=O)Nc3cccc(-c4nncn4C(C)C)n3)cc2c1,0.055,1,False
CN(C)C(=O)c1ccc2c(c1)C(=O)N(c1cccc(-c3nncn3C3CC3)n1)C2,0.4,2,False
CN(C)C1CCN(C(=O)c2ccc3c(c2)CN(c2cccc(-c4nncn4C4CC4)n2)C3=O)CC1,0.2,1,False
CN(C)CCN1CCN(C(=O)c2cc(C(C)(C)C)sc2NC(=O)Nc2cccc(Cl)c2Cl)CCC1=O,15015.0,2,False
CN(C)CCn1cc(-c2ccc3c(c2)C(=O)Nc2cccc(n2)-c2nncn2CCCCO3)cn1,3.074,4,False
CN(C)c1cc(F)cc(-c2ccnc(Nc3ccc(-n4cnc(N5CCC(O)CC5)n4)cc3)n2)c1,19.226,2,False
CN(C)c1cc2c(cc1-c1cccnc1)C(=O)N(c1cccc(-c3nncn3C3CC3)n1)C2,0.2,1,False
CN(C)c1ccc(C(=O)Nc2cccc(NC(=O)COc3ccc4c(=O)ccoc4c3)c2)cc1,5005.0,2,False
CN(C)c1ccc2c(c1)CN(c1cccc(-c3nncn3C3CC3)n1)C2=O,0.2,1,False
CN(C)c1cccc(Nc2cc(Nc3ccccc3)ncn2)c1,22.185,2,False
CN(C)c1cccc(Nc2ccc(-n3cc(CC(=O)Nc4ccc(N5CCOCC5)cc4)c4ccccc43)nn2)c1,20.145,2,False
CN(C)c1cccc(Nc2ccc(-n3cc(CC(=O)Nc4ccc5c(c4)OCO5)c4ccccc43)nn2)c1,18.96,2,False
CN(C)c1cccc(Nc2nc(NCCc3ccc(O)cc3)c3ncn(-c4ccccc4)c3n2)c1,20.02,2,False
CN(C)c1cccc(Nc2nc(NCCc3ccc(O)cc3)c3ncn(C4CCCCC4)c3n2)c1,19.974,2,False
CN(C)c1cccc(Nc2nc(NCCc3ccc(O)cc3)c3ncn(Cc4ccc(C(F)(F)F)cc4)c3n2)c1,16.237000000000002,2,False
CN(C)c1cccc(Nc2nc(Nc3ccc(N4CCOCC4)cc3)c3[nH]cnc3n2)c1,13.011,2,False
CN(C)c1cccc(Nc2nc(Nc3ccc4c(c3)OCO4)c3ncn(Cc4ccc(C(F)(F)F)cc4)c3n2)c1,16.4805,2,False
CN(C)c1cccc(Nc2nccc(NCCOc3ccccc3)n2)c1,14.307500000000001,4,False
CN(C)c1cccc(Nc2nccc(NCc3cccc(C(F)(F)F)c3)n2)c1,16.455,2,False
CN(C)c1cccc(Nc2nccc(Nc3ccc4c(c3)OCO4)n2)c1,12.662500000000001,2,False
CN(C)c1cccc(Nc2ncnc3[nH]cnc23)c1,10000.0,1,False
CN(C)c1cccc(Nc2ncnc3nc[nH]c23)c1,10.0,1,False
CN1C(=O)[C@@H](N2CCc3c(nn(Cc4ccccc4)c3Br)C2=O)COc2ccccc21,1000.0,1,False
CN1C(=O)[C@@H](N2CCc3cn(CC4CCS(=O)(=O)CC4)nc3C2=O)COc2ccccc21,1000.0,1,False
CN1C(=O)[C@@H](N2CCc3cn(Cc4ccccc4)nc3C2=O)COc2ccccc21,1000.0,1,False
CN1CCN(C(=O)C(C)(C)c2ccc(C(=O)Nc3cn4cc(-c5ccncc5)ccc4n3)cc2)CC1,10000.0,1,False
CN1CCN(C(=O)c2ccc3c(c2)CN(c2cccc(-c4nncn4C4CC4)n2)C3=O)CC1,0.2,1,False
CN1CCN(c2cnc(C(=O)Nc3csc(-c4nncn4C4CC4)n3)cc2-n2cnc(C3CC3)c2)CC1,3.1,1,False
CN1CCN(c2nc(C3COc4ccccc4O3)nc3ccc(-c4cn[nH]c4)cc23)CC1,19.226,2,True
CN1CCN(c2ncn(-c3ccc(Nc4nccc(-c5cc(C#N)cc(N6CCC(O)CC6)c5)n4)cc3)n2)CC1,19.226,2,True
CN1N=C(C(F)(F)F)C2C=C(C(=O)Nc3cccc(-c4nncn4C4CC4)c3)C(=O)NC21,2700.0,1,False
CNC(=O)C1CCN(c2cnc(C(=O)Nc3csc(-c4nncn4C(C)C(F)(F)F)n3)cc2-n2cnc(C3CC3)c2)CC1,0.0023,1,False
CNC(=O)C1CCN(c2cnc(C(=O)Nc3csc(-c4nncn4C4CC4)n3)cc2-n2cnc(C3CC3)c2)CC1,0.0004,1,False
CNC(=O)c1cc(Oc2ccc(NC(=O)Nc3ccc(Cl)c(C(F)(F)F)c3)cc2)ccn1,10.0,1,False
CNC(=O)c1ccc(OC)c(C(=O)Nc2cccc(-c3nncn3C(C)C)n2)c1,1.3359999999999999,4,False
CNC(=O)c1ccc2c(c1)CN(c1cccc(-c3nncn3C3CC3)n1)C2=O,0.2,1,False
CNC1CC2OC(C)(C1OC)n1c3ccccc3c3c4c(c5c6ccccc6n2c5c31)C(=O)NC4,0.0735,8,False
CNCc1ccc2nc(NC(=O)c3ccc(C(C)(C)C)cc3)cn2c1,435.435,2,False
CN[C@@H]1CC2OC([C@@H]1OC)n1c3ccccc3c3c4c(c5c6ccccc6n2c5c31)C(=O)NC4,6.3,1,False
CN[C@@H]1C[C@H]2O[C@@](C)([C@@H]1OC)n1c3ccccc3c3c4c(c5c6ccccc6n2c5c31)C(=O)NC4,19.9,5,False
CNc1c2c3c(cccc3n(C)c1=O)C(=O)c1ccccc1-2,2352.35,2,False
CNc1nc(-c2ccc3c(N)n[nH]c3c2)cc(N2CC(C(=O)NC3CCCCC3)CCC2C)n1,27.542,1,False
CNc1nc(-c2ccc3c(N)n[nH]c3c2)cc(N2C[C@@H](C(=O)NC3CCCCC3)CC[C@H]2C)n1,18771.0,2,False
COC(=O)C1CCN(C(=O)c2ccc3c(c2)CN(c2cccc(-c4nncn4C4CC4)n2)C3=O)CC1,0.2,1,False
COC(=O)CCCN1C(=O)/C(=C/c2ccc(-c3ccc(Br)cc3)o2)SC1=S,33000.0,1,False
COC(=O)CCCN1C(=O)/C(=C/c2ccc(-c3ccccc3F)o2)SC1=S,33000.0,1,False
COC(=O)CCCN1C(=O)C(=Cc2ccc(-c3ccc(Br)cc3)o2)SC1=S,33.0,1,False
COC(=O)CCCN1C(=O)C(=Cc2ccc(-c3ccccc3F)o2)SC1=S,33.0,1,False
COC(=O)c1cc2c(cc1-c1cccnc1)C(=O)N(c1cccc(-c3nncn3C3CC3)n1)C2,0.2,1,False
COC(=O)c1ccc(/C=C2\SC(=S)N(c3ccc(O)c(C(=O)O)c3)C2=O)cc1,33000.0,1,False
COC(=O)c1ccc(C=C2SC(=S)N(c3ccc(O)c(C(=O)O)c3)C2=O)cc1,33.0,1,False
COC(=O)c1ccc2c(c1)C(=O)N(c1cccc(-c3nncn3C3CC3)n1)C2,0.2,1,False
COC1(C)CCN(c2cnc(C(=O)Nc3csc(-c4nncn4C(C)C(F)(F)F)n3)cc2-n2cnc(C3CC3)c2)CC1,0.0022,1,False
COC1(C)CCN(c2cnc(C(=O)Nc3csc(-c4nncn4C4CC4)n3)cc2-n2cnc(C3CC3)c2)CC1,0.0142,1,False
COC1(C)CN(c2cnc(C(=O)Nc3csc(-c4nncn4C(C)C(F)(F)F)n3)cc2-n2cnc(C3CC3)c2)C1,0.002,1,False
COC1(C)CN(c2cnc(C(=O)Nc3csc(-c4nncn4C4CC4)n3)cc2-n2cnc(C3CC3)c2)C1,0.0018,1,False
COC1C(N(C)C(=O)COCCOCCNC(=O)c2ccc(-c3c4ccc(=[N+](C)C)cc-4oc4cc(N(C)C)ccc34)c(C(=O)O)c2)CC2OC1(C)n1c3ccccc3c3c4c(c5c6ccccc6n2c5c31)C(=O)NC4,8.0,1,True
COC1C(N(C)C(=O)c2ccccc2)CC2OC1(C)n1c3ccccc3c3c4c(c5c6ccccc6n2c5c31)C(=O)NC4,10.0,1,False
COC1C(N(C)C(=O)c2ccccc2)CC2OC1(C)n1c3ccccc3c3c4c(c5c6ccccc6n2c5c31)C(=O)NC4O,10.0,1,False
COC1C(N(C)CCOCCOCCOCCNC(=O)CCC2=[N+]3C(=Cc4c(C)cc(C)n4[B-]3(F)F)C=C2)CC2OC1(C)n1c3ccccc3c3c4c(c5c6ccccc6n2c5c31)C(=O)NC4,0.248,1,False
COC1C(NCCOCCOCCOCCNC(=O)CCC2=[N+]3C(=Cc4c(C)cc(C)n4[B-]3(F)F)C=C2)CC2OC1(C)n1c3ccccc3c3c4c(c5c6ccccc6n2c5c31)C(=O)NC4,0.136,1,False
COC1CCN(C(=O)c2ccc3c(c2)CN(c2cccc(-c4nncn4C4CC4)n2)C3=O)C1,0.2,1,False
COC1CCN(C(=O)c2ccc3c(c2)CN(c2cccc(-c4nncn4C4CC4)n2)C3=O)CC1,0.2,1,False
COC1CCN(c2cnc(C(=O)Nc3csc(-c4nncn4C(C)C(F)(F)F)n3)cc2-n2cnc(C3CC3)c2)C1,0.0019,1,False
COC1CCN(c2cnc(C(=O)Nc3csc(-c4nncn4C(C)C(F)(F)F)n3)cc2-n2cnc(C3CC3)c2)CC1,0.0023,1,False
COC1CCN(c2cnc(C(=O)Nc3csc(-c4nncn4C4CC4)n3)cc2-n2cnc(C3CC3)c2)C1,0.0028,1,False
COC1CCN(c2cnc(C(=O)Nc3csc(-c4nncn4C4CC4)n3)cc2-n2cnc(C3CC3)c2)CC1,0.0032,1,False
COC1NC(=O)c2c1c1c3ccccc3[nH]c1c1[nH]c3ccc(O)cc3c21,25025.0,2,False
COCC(C)n1cnnc1-c1cccc(NC(=O)c2cn(C)nc2OC)n1,0.2235,4,False
COCC1CN(c2cnc(C(=O)Nc3csc(-c4nncn4C(C)C(F)(F)F)n3)cc2-n2cnc(C3CC3)c2)C1,0.002,1,False
COCCCC1CCCN1c1ccc2ccc(C(=O)Nc3cccc(-c4nncn4C(C)C)n3)cc2n1,0.055,1,False
COCCCn1cc(NC(=O)c2csc(-c3nncn3C(C)C)n2)cn1,0.065,1,False
COCCNC(=O)c1ccc2c(c1)CN(c1cccc(-c3nncn3C3CC3)n1)C2=O,0.2,1,False
COCCNC(=O)c1cccc(-c2n[nH]c3ccc(-c4nncn4C(C)C)cc23)c1,122.6225,2,False
COCCNc1ccc2ccc(C(=O)Nc3cccc(-c4nncn4C(C)C)n3)cc2n1,0.055,1,False
COCCNc1ccnc(NC(=O)c2csc(-c3nncn3C(C)C)n2)c1,0.099,1,False
COCCOc1ccc2c(c1)C(=O)N(c1cccc(-c3nncn3C(C)C)n1)C2,0.01585,3,False
COCCOc1ccc2c(c1)C(=O)N(c1cccc(-c3nncn3C(C)CO)n1)C2,0.010266500000000001,2,False
COCCOc1ccc2c(c1)C(=O)N(c1cccc(-c3nncn3[C@H](C)CO)n1)C2,7.943,1,False
COCCOc1ccnc(NC(=O)c2csc(-c3nncn3C(C)C)n2)c1,0.14,1,False
COCCn1cc(C(=O)Nc2cccc(-c3nncn3C(C)C(F)(F)F)n2)c(OC)n1,0.0085,2,False
COCCn1cc(C(=O)Nc2cccc(-c3nncn3C(C)C)n2)c(OC)n1,3.6675,4,False
COCCn1cc(C(=O)Nc2cccc(-c3nncn3[C@@H](C)C(F)(F)F)n2)c(OC)n1,8.5,2,False
COCCn1cc(NC(=O)c2csc(-c3nncn3C(C)C)n2)cn1,0.06,3,False
COC[C@@H](C)n1cnnc1-c1cccc(NC(=O)c2cn(C)nc2OC)n1,217.0,2,False
COC[C@H](C)n1cnnc1-c1cccc(NC(=O)c2cn(C)nc2OC)n1,418.5,2,False
COCn1cc(-c2cccc(-c3n[nH]c4ccc(-c5nncn5C(C)C)cc34)c2)cn1,18.354,4,False
COc1c(-c2cnn(C)c2)ccc2cnc(Nc3ccc(-n4cnc(N5CCOCC5)n4)cc3)nc12,19.226,2,True
COc1cc(-c2cn[nH]c2)cc2c(=O)[nH]c(C3COc4ccc(C)cc4C3)nc12,19.226,2,True
COc1cc(-c2n[nH]c3ccc(-c4nncn4C(C)C)cc23)cc(-n2cnc(C3CC3)c2)c1,29.947000000000003,4,False
COc1cc(C)c(C(N)=O)cc1C(=O)Nc1cccc(-c2nncn2C(C)C)n1,0.224,4,False
COc1cc(C)c(S(C)(=O)=O)cc1C(=O)Nc1cccc(-c2nncn2C(C)C)n1,2.0365,4,False
COc1cc(C)c(S(N)(=O)=O)cc1C(=O)Nc1cccc(-c2nncn2C(C)C)n1,0.092,4,False
COc1cc(N2CCN(C)CC2)ccc1Nc1cc(Nc2ccccc2-c2ncccn2)c(C(F)(F)F)cn1,11.606,2,True
COc1cc(NC(=O)c2cccc(-n3cc(NC(=O)Nc4c(C)cccc4Cl)cn3)c2)cc(OC)c1OC,19.226,2,False
COc1cc(NC(=O)c2cccc(-n3cc(NC(=O)Nc4ccc(-c5ccccc5)cc4)cn3)c2)cc(OC)c1OC,19.226,2,False
COc1cc(Nc2ccnc(Nc3cccc(N(C)C)c3)n2)cc(OC)c1OC,6.8919999999999995,2,False
COc1cc(Nc2nc(-c3c(C)noc3C)nc3c2ncn3Cc2ccc(C(F)(F)F)cc2)cc(OC)c1OC,27.499,2,False
COc1cc(Nc2nc(-c3ccc(C(N)=O)cc3)nc3c2ncn3C2CCCCC2)cc(OC)c1OC,17.429000000000002,2,False
COc1cc(Nc2nc(-c3ccc(C(N)=O)cc3)ncc2C)cc(OC)c1OC,19.2065,2,False
COc1cc(Nc2nc(N3CCc4ccccc4C3)nc3c2ncn3-c2ccccc2)cc(OC)c1OC,17.5445,2,False
COc1cc(Nc2nc(N3CCc4ccccc4C3)nc3c2ncn3C(C)C)cc(OC)c1OC,20.071,2,False
COc1cc(Nc2nc(Nc3ccc(N4CCOCC4)cc3)c3ncn(Cc4ccc(C(F)(F)F)cc4)c3n2)cc(OC)c1OC,15.933499999999999,2,False
COc1cc2c(N3CCN(C(=O)Nc4ccc(OC(C)C)cc4)CC3)ncnc2cc1OCCCN1CCCCC1,10.0,1,False
COc1cc2c(cc1-c1cccnc1)C(=O)N(c1cccc(-c3nncn3C3CC3)n1)C2,0.2,1,False
COc1cc2nc(NC3CCN(Cc4ccccc4)CC3)nc(Nc3ccc(N4CCOCC4)cc3)c2cc1OC,12.540000000000001,2,False
COc1cc2nc(NCc3ccc4c(c3)OCO4)nc(Nc3ccc(N4CCOCC4)cc3)c2cc1OC,13.0885,2,False
COc1cc2nc(Nc3cc(OC)c(OC)c(OC)c3)nc(Nc3ccc(N4CCOCC4)cc3)c2cc1OC,13.716000000000001,2,False
COc1cc2nc(Nc3ccc(-n4ccnc4)cc3)nc(Nc3ccc4c(c3)OCO4)c2cc1OC,20.024,2,False
COc1cc2nc(Nc3ccc(N4CCOCC4)cc3)nc(NC3CC3)c2cc1OC,14.3865,2,False
COc1cc2nc(Nc3ccc(N4CCOCC4)cc3)nc(NCCOc3ccccc3)c2cc1OC,8.2875,2,False
COc1cc2nc(Nc3ccc(N4CCOCC4)cc3)nc(NCc3cccc(C(F)(F)F)c3)c2cc1OC,13.1825,2,False
COc1cc2nc(Nc3ccc(N4CCOCC4)cc3)nc(NCc3ccccc3)c2cc1OC,15.250499999999999,2,False
COc1cc2nc(Nc3ccc(N4CCOCC4)cc3)nc(Nc3cc(OC)c(OC)c(OC)c3)c2cc1OC,11.1995,2,False
COc1cc2nc(Nc3ccc(N4CCOCC4)cc3)nc(Nc3ccc(N4CCOCC4)cc3)c2cc1OC,6.134499999999999,2,False
COc1cc2nc(Nc3ccc(N4CCOCC4)cc3)nc(Nc3ccc(OCCN4CCCCC4)cc3)c2cc1OC,11.6515,2,False
COc1cc2nc(Nc3ccc(N4CCOCC4)cc3)nc(Nc3ccc4c(c3)OCO4)c2cc1OC,8.3475,2,False
COc1cc2nc(Nc3ccc(N4CCOCC4)cc3)nc(Nc3ccccc3)c2cc1OC,14.292000000000002,2,False
COc1cc2nc(Nc3ccc4ncccc4c3)nc(Nc3ccc(NC(C)=O)cc3)c2cc1OC,13.3495,2,False
COc1cc2nc(Nc3cccc(N(C)C)c3)nc(NC3CC3)c2cc1OC,12.0195,2,False
COc1cc2nc(Nc3cccc(N(C)C)c3)nc(NCCOc3ccccc3)c2cc1OC,13.5735,2,False
COc1cc2nc(Nc3cccc(N(C)C)c3)nc(NCc3cccc(C(F)(F)F)c3)c2cc1OC,15.873999999999999,2,False
COc1cc2nc(Nc3cccc(N(C)C)c3)nc(Nc3cc(OC)c(OC)c(OC)c3)c2cc1OC,13.647000000000002,2,False
COc1cc2nc(Nc3cccc(N(C)C)c3)nc(Nc3ccc(N4CCOCC4)cc3)c2cc1OC,13.1525,2,False
COc1cc2nc(Nc3cccc(N(C)C)c3)nc(Nc3ccc(NC(C)=O)cc3)c2cc1OC,8.1985,2,False
COc1cc2nc(Nc3cccc(N(C)C)c3)nc(Nc3ccc4c(c3)OCO4)c2cc1OC,4.9239999999999995,2,False
COc1cc2nc(Nc3cccc(N(C)C)c3)nc(Nc3ccccc3)c2cc1OC,7.3805000000000005,2,False
COc1cc2nc(Nc3ccccc3)nc(Nc3ccc(N4CCOCC4)cc3)c2cc1OC,16.772,2,False
COc1cc2nc(Nc3ccncc3)nc(Nc3ccc(N4CCOCC4)cc3)c2cc1OC,12.1355,2,False
COc1cc2nc(Nc3nc4ccccc4n3C)nc(Nc3ccc(N4CCOCC4)cc3)c2cc1OC,12.231,2,False
COc1cc2nc(Nc3nc4ccccc4n3C)nc(Nc3ccc(NC(C)=O)cc3)c2cc1OC,7.0205,2,False
COc1cc2nc(Nc3nccc4ccccc34)nc(Nc3ccc(N4CCOCC4)cc3)c2cc1OC,15.1435,2,False
COc1cc2nc(Nc3nccc4ccccc34)nc(Nc3ccc(NC(C)=O)cc3)c2cc1OC,19.0875,2,False
COc1cc2nccc(Oc3ccc(NC(=O)c4cn(C(C)C)c5ccccc5c4=O)cc3)c2cc1OC,3.1385,6,False
COc1cc2nncc(Oc3ccc(NC(=O)c4cn(C(C)C)c5ccccc5c4=O)cc3)c2cc1OC,3.4345,6,False
COc1ccc(-c2ccc(/C=C3\SC(=S)N(CC(C)=O)C3=O)o2)cc1,2500.0,1,False
COc1ccc(-c2ccc(C=C3SC(=S)N(CC(C)=O)C3=O)o2)cc1,2.5,1,False
COc1ccc(-c2ccc3c(c2)C(=O)N(c2cccc(-c4nncn4C4CC4)n2)C3)cn1,0.2,1,False
COc1ccc(-c2nc(C)cc(Nc3ccc(N4CCOCC4)cc3)n2)cc1,11.8585,2,False
COc1ccc(-c2nc3ncnc(Nc4cc(OC)c(OC)c(OC)c4)c3[nH]2)cn1,18.071,2,False
COc1ccc(-c2ncn(-c3ccc(Nc4nccc(-c5cc(C#N)cc(N6CCNCC6)c5)n4)cc3)n2)cn1,19.226,2,True
COc1ccc(-c2ocnc2C(=O)NCc2ccncc2)cc1,5005.0,2,False
COc1ccc(-n2cnc(C3CC3)c2)cc1-c1n[nH]c2ccc(-c3nncn3C(C)C)cc12,135.135,2,False
COc1ccc(C(=O)C2=C(O)C(=O)N(c3nc4ccc(F)cc4s3)C2c2cccc(F)c2)cc1,17000.0,1,False
COc1ccc(C(N)=O)cc1C(=O)Nc1cccc(-c2nncn2C(C)C)n1,0.547,4,False
COc1ccc(C(O)=C2C(=O)C(=O)N(c3nc4ccc(F)cc4s3)C2c2cccc(F)c2)cc1,17.0,1,False
COc1ccc(C2C(C(=O)c3ccc(C)o3)=C(O)C(=O)N2c2nc3ccc(C)cc3s2)cc1OC,19019.0,2,False
COc1ccc(CCNC(=O)c2ccnc(Nc3cccc(N(C)C)c3)c2)cc1,20.027,2,False
COc1ccc(CCNc2cc(C)nc(Nc3cccc(N(C)C)c3)n2)cc1,5.721500000000001,2,False
COc1ccc(CCNc2ccnc(Nc3ccc(N4CCOCC4)cc3)n2)cc1,10.7705,2,False
COc1ccc(CCNc2ccnc(Nc3cccc(N(C)C)c3)n2)cc1,11.2595,2,False
COc1ccc(CCNc2nc(N3CCN(Cc4ccc5c(c4)OCO5)CC3)nc3c2ncn3C2CCCCC2)cc1,22.501,2,False
COc1ccc(CCNc2nc(NC3CCN(Cc4ccccc4)CC3)nc3c2ncn3C2CCCCC2)cc1,22.4535,2,False
COc1ccc(CCNc2nc(Nc3ccc(N4CCOCC4)cc3)nc3c2ncn3-c2ccccc2)cc1,13.407,2,False
COc1ccc(CCNc2nc(Nc3ccc(N4CCOCC4)cc3)nc3c2ncn3-c2ccsc2)cc1,8.466000000000001,2,False
COc1ccc(CCNc2nc(Nc3ccc(N4CCOCC4)cc3)nc3c2ncn3Cc2ccc(C(F)(F)F)cc2)cc1,7.409000000000001,2,False
COc1ccc(CCNc2nc(Nc3ccc(N4CCOCC4)cc3)nc3cc(OC)c(OC)cc23)cc1,12.5605,2,False
COc1ccc(CCNc2nc(Nc3ccc(N4CCOCC4)cc3)ncc2C)cc1,19.66,2,False
COc1ccc(CCNc2nc(Nc3cccc(N(C)C)c3)nc3c2ncn3C(C)C)cc1,20.023,2,False
COc1ccc(CCNc2nc(Nc3cccc(N(C)C)c3)nc3cc(OC)c(OC)cc23)cc1,10.152999999999999,2,False
COc1ccc(OC)c(Nc2nc(N)nc3[nH]cnc23)c1,18900.0,1,False
COc1ccc(OC)c(Nc2nc(N)nc3nc[nH]c23)c1,18.9,1,False
COc1ccc(S(C)(=O)=O)cc1C(=O)Nc1cccc(-c2nncn2C(C)C)n1,2.57,4,False
COc1ccc(S(N)(=O)=O)cc1C(=O)Nc1cccc(-c2nncn2C(C)C)n1,1.1179999999999999,4,False
COc1ccc2c(c1)CC(C(=O)Nc1ccc(-c3cn[nH]c3)cc1OCCN(Cc1ccccc1)Cc1ccccc1)CO2,19.226,2,True
COc1ccc2c(c1)CC(C(=O)Nc1ccc(-c3cn[nH]c3)cc1OCCOCc1ccccc1)CO2,19.226,2,True
COc1ccc2cc(C(=O)Nc3cccc(-c4nncn4C(C)C)n3)[nH]c2c1,27.177149999999997,2,False
COc1ccc2nc(N3C(=O)C(O)=C(C(=O)c4ccco4)C3c3ccc(Cl)cc3)sc2c1,2102.1,2,False
COc1cccc(CNC(=O)c2c(C)nc3ccc(-c4ccc5nc(C)c(C(=O)NCc6cccc(OC)c6)n5c4)cn23)c1,4.806,2,True
COc1ccccc1C(=O)Nc1cccc(-c2nncn2C(C)C(F)(F)F)n1,0.028,2,False
COc1ccccc1C(=O)Nc1cccc(-c2nncn2C(C)C)n1,149.6495,2,False
COc1ccccc1C(=O)Nc1cccc(-c2nncn2C)n1,47.8675,4,False
COc1ccccc1C(=O)Nc1cccc(-c2nncn2[C@@H](C)C(F)(F)F)n1,28.0,2,False
COc1ccccc1C1C(C(=O)c2ccc(C)o2)=C(O)C(=O)N1c1nc2c(C)cc(C)cc2s1,17767.75,2,False
COc1nc2cc(F)c(C(=O)Nc3cccc(-c4nncn4C(C)C)n3)cc2nc1N1CCCCC1,0.055,1,False
COc1nc2cc(F)c(C(=O)Nc3cccc(-c4nnnn4C(C)C)n3)cc2nc1N1CCCCC1,0.55,1,False
COc1nc2ccc(C(=O)Nc3cccc(-c4nncn4C(C)C)n3)cc2nc1N1CCCCC1,0.55,1,False
COc1nc2ccc(C(=O)Nc3cccc(-c4nncn4C(C)C)n3)cc2nc1N1CCOCC1,0.55,1,False
COc1nc2ccc(C(=O)Nc3cccc(-c4nncn4C(C)C)n3)cc2nc1NC(C)C,0.55,1,False
COc1ncc(-c2cc3c(c(NC(=O)CN4CCOCC4)c2)COC3)cc1NS(C)(=O)=O,5005.0,2,False
COc1ncc(C)cc1C(=O)Nc1cccc(-c2nncn2C(C)C(F)(F)F)n1,0.027,2,False
COc1ncc(C)cc1C(=O)Nc1cccc(-c2nncn2[C@@H](C)C(F)(F)F)n1,27.0,2,False
COc1ncc(F)cc1C(=O)Nc1cccc(-c2nncn2C(C)C(F)(F)F)n1,0.016,2,False
COc1ncc(F)cc1C(=O)Nc1cccc(-c2nncn2[C@@H](C)C(F)(F)F)n1,16.0,2,False
COc1ncccc1C(=O)Nc1cccc(-c2nncn2C(C)C(F)(F)F)n1,0.017,2,False
COc1ncccc1C(=O)Nc1cccc(-c2nncn2[C@@H](C)C(F)(F)F)n1,17.0,2,False
COc1ncncc1C(=O)Nc1cccc(-c2nncn2C(C)C(F)(F)F)n1,0.1595,2,False
COc1ncncc1C(=O)Nc1cccc(-c2nncn2[C@@H](C)C(F)(F)F)n1,159.5,2,False
COc1nn(-c2ccccn2)cc1C(=O)Nc1cccc(-c2nncn2C(C)C)n1,8.6495,4,False
COc1nn(-c2cccnc2)cc1C(=O)Nc1cccc(-c2nncn2C(C)C)n1,2.6555,4,False
COc1nn(-c2cccnn2)cc1C(=O)Nc1cccc(-c2nncn2C(C)C(F)(F)F)n1,0.026500000000000003,2,False
COc1nn(-c2cccnn2)cc1C(=O)Nc1cccc(-c2nncn2[C@@H](C)C(F)(F)F)n1,26.5,2,False
COc1nn(-c2ccncc2)cc1C(=O)Nc1cccc(-c2nncn2C(C)C)n1,67.855,4,False
COc1nn(-c2cncc(C3CC3)c2)cc1C(=O)Nc1cccc(-c2nncn2C(C)C)n1,2.8139999999999996,4,False
COc1nn(-c2cncc(N(C)C)c2)cc1C(=O)Nc1cccc(-c2nncn2C(C)C)n1,0.9604999999999999,4,False
COc1nn(-c2cnccn2)cc1C(=O)Nc1cccc(-c2nncn2C(C)C(F)(F)F)n1,0.030500000000000003,2,False
COc1nn(-c2cnccn2)cc1C(=O)Nc1cccc(-c2nncn2C(C)C)n1,10.569,4,False
COc1nn(-c2cnccn2)cc1C(=O)Nc1cccc(-c2nncn2[C@@H](C)C(F)(F)F)n1,30.5,2,False
COc1nn(-c2cncnc2)cc1C(=O)Nc1cccc(-c2nncn2C(C)C)n1,8.037,4,False
COc1nn(C)cc1C(=O)Nc1cccc(-c2cncn2C(C)C)n1,1.2465,4,False
COc1nn(C)cc1C(=O)Nc1cccc(-c2nncn2C(C)C(F)(F)F)n1,0.067,8,False
COc1nn(C)cc1C(=O)Nc1cccc(-c2nncn2C(C)C(F)F)n1,0.022,4,False
COc1nn(C)cc1C(=O)Nc1cccc(-c2nncn2C(C)C)c1,3092.0,4,False
COc1nn(C)cc1C(=O)Nc1cccc(-c2nncn2C(C)C)n1,1.9949999999999999,8,False
COc1nn(C)cc1C(=O)Nc1cccc(-c2nncn2C(C)CO)n1,4.9475,4,False
COc1nn(C)cc1C(=O)Nc1cccc(-c2nncn2C2(C(F)(F)F)CC2)n1,0.5155,4,False
COc1nn(C)cc1C(=O)Nc1cccc(-c2nncn2C2CC(F)(F)C2)n1,10.158,4,False
COc1nn(C)cc1C(=O)Nc1cccc(-c2nncn2C2CCC2(F)F)n1,2.5035,4,False
COc1nn(C)cc1C(=O)Nc1cccc(-c2nncn2C2CCOC2)n1,0.0685,4,False
COc1nn(C)cc1C(=O)Nc1cccc(-c2nncn2[C@@H](C)C(F)(F)F)n1,10.0,2,False
COc1nn(C)cc1C(=O)Nc1cccc(-c2nncn2[C@@H](C)C(F)F)n1,6.5,2,False
COc1nn(C)cc1C(=O)Nc1cccc(-c2nncn2[C@@H]2CCOC2)n1,67.0,2,False
COc1nn(C)cc1C(=O)Nc1cccc(-c2nncn2[C@H](C)C(F)(F)F)n1,222.0,2,False
COc1nn(C)cc1C(=O)Nc1cccc(-c2nncn2[C@H](C)C(F)F)n1,90.0,2,False
COc1nn(C)cc1C(=O)Nc1cccc(-c2nncn2[C@H]2CCOC2)n1,76.0,2,False
COc1nn(CC(F)(F)F)cc1C(=O)Nc1cccc(-c2nncn2C(C)C(F)(F)F)n1,0.0195,2,False
COc1nn(CC(F)(F)F)cc1C(=O)Nc1cccc(-c2nncn2[C@@H](C)C(F)(F)F)n1,19.5,2,False
COc1nn(CC2CC2)cc1C(=O)Nc1cccc(-c2nncn2C(C)C(F)(F)F)n1,0.0055,2,False
COc1nn(CC2CC2)cc1C(=O)Nc1cccc(-c2nncn2C(C)C)n1,3.456,4,False
COc1nn(CC2CC2)cc1C(=O)Nc1cccc(-c2nncn2[C@@H](C)C(F)(F)F)n1,5.5,2,False
CS(=O)(=O)Nc1cc(-c2ccncc2)cnc1Cl,5005.0,2,False
CS(=O)(=O)c1ccc2c(c1)C(=O)Nc1cccc(n1)-c1nncn1CCCCO2,4.7185,4,False
CSC1CCN(C(=O)c2ccc3c(c2)CN(c2cccc(-c4nncn4C4CC4)n2)C3=O)CC1,0.2,1,False
CSCCC(C(=O)O)N1C(=O)/C(=C/c2ccc(-c3ccc(Cl)c(Cl)c3)o2)SC1=S,750.0,1,False
CSCCC(C(=O)O)N1C(=O)C(=Cc2ccc(-c3ccc(Cl)c(Cl)c3)o2)SC1=S,0.75,1,False
CSc1nc(N)nc2[nH]cnc12,13300.0,1,False
CSc1nc(N)nc2nc[nH]c12,13.3,1,False
C[C@@H](CO)n1cnnc1-c1cccc(N2Cc3ccccc3C2=O)n1,31.62,1,False
C[C@@H]1CCCOc2ccccc2C(=O)Nc2cccc(n2)-c2nncn21,2751.0,2,False
C[C@@H]1CCOc2cc(F)c(-c3cnn(CCN(C)C)c3)cc2C(=O)Nc2cccc(n2)-c2nncn2C1,22.5,2,False
C[C@@H]1CCOc2cc(F)ccc2C(=O)Nc2cccc(n2)-c2nncn2C1,51.5,2,False
C[C@@H]1CCOc2ccccc2C(=O)Nc2cccc(n2)-c2nncn2C1,123.0,2,False
C[C@@H]1CCn2cnnc2-c2cccc(n2)NC(=O)c2ccccc2OC1,100.0,5,False
C[C@@H]1CN(c2cc(-c3n[nH]c4ccc(OC5(C)CC5)cc34)ncn2)C[C@H](C)O1,428.0,2,False
C[C@@H]1O[C@@H](n2c3ccc(O)cc3c3c4c(c5c6ccccc6[nH]c5c32)CNC4=O)C[C@@H](N)[C@H]1O,1100.0,1,False
C[C@@H]1O[C@@H]2C[C@](O)([C@H]1O)n1c3ccccc3c3c4c(c5c6cc(O)ccc6n2c5c31)C(=O)NC4,4100.0,1,False
C[C@H](CO)n1cnnc1-c1cccc(N2Cc3ccccc3C2=O)n1,10.0,1,False
C[C@H](CO)n1cnnc1-c1cccc(NC(=O)Nc2cc3ccccn3n2)n1,33.8,1,False
C[C@H](CO)n1cnnc1-c1cccc(NC(=O)Nc2ccc3ccccc3n2)n1,47.4,1,False
C[C@H](CO)n1cnnc1-c1cccc(NC(=O)Nc2cnc3ccccc3n2)n1,113.9,1,False
C[C@H](CO)n1cnnc1-c1cccc(NC(=O)Nc2ncc3ccccc3n2)n1,81.0,1,False
C[C@H](CO)n1cnnc1-c1cccc(NC(=O)Nc2nccc3ccccc23)n1,37.9,1,False
C[C@H](CO)n1cnnc1-c1cccc(NC(=O)c2cc3ccccc3[nH]2)n1,65.5,1,False
C[C@H](c1ccccc1)N1c2cc(-n3c(=O)[nH]c4ncccc43)ccc2C(=O)NC1(C)C,1000.0,1,False
C[C@H](n1cnnc1-c1cccc(NC(=O)c2cccc3c2OCCN3C)n1)C(F)(F)F,97.0,2,False
C[C@H](n1cnnc1-c1cccc(NC(=O)c2cccc3cccnc23)n1)C(F)(F)F,37.0,2,False
C[C@H](n1cnnc1-c1cccc(NC(=O)c2cccc3nccnc23)n1)C(F)(F)F,26.5,2,False
C[C@H](n1cnnc1-c1cccc(NC(=O)c2cccn(C)c2=O)n1)C(F)(F)F,190.5,2,False
C[C@H](n1cnnc1-c1nc(NC(=O)c2cc(-n3cnc(C4CC4)c3)c(N(C)C)cn2)cs1)C(F)(F)F,1.88,1,False
C[C@H](n1cnnc1-c1nc(NC(=O)c2cc(-n3cnc(C4CC4)c3)c(N3CC(C)(O)C3)cn2)cs1)C(F)(F)F,1.69,1,False
C[C@H](n1cnnc1-c1nc(NC(=O)c2cc(-n3cnc(C4CC4)c3)c(N3CCC(C)(O)CC3)cn2)cs1)C(F)(F)F,1.8,1,False
C[C@H](n1cnnc1-c1nc(NC(=O)c2cc(-n3cnc(C4CC4)c3)c(N3CCC(O)C3)cn2)cs1)C(F)(F)F,2.2,1,False
C[C@H](n1cnnc1-c1nc(NC(=O)c2cc(-n3cnc(C4CC4)c3)c(N3CCC3)cn2)cs1)C(F)(F)F,1.7,1,False
C[C@H](n1cnnc1-c1nc(NC(=O)c2cc(-n3cnc(C4CC4)c3)c(N3CCCC3)cn2)cs1)C(F)(F)F,2.2,1,False
C[C@H](n1cnnc1-c1nc(NC(=O)c2cc(-n3cnc(C4CC4)c3)c(N3CCCCC3)cn2)cs1)C(F)(F)F,0.7,1,False
C[C@H](n1cnnc1-c1nc(NC(=O)c2cc(-n3cnc(C4CC4)c3)c(N3CCN(C)CC3)cn2)cs1)C(F)(F)F,2.1,1,False
C[C@H](n1cnnc1-c1nc(NC(=O)c2cc(-n3cnc(C4CC4)c3)c(N3CCOCC3)cn2)cs1)C(F)(F)F,2.62,1,False
C[C@H]1CCCOc2cc(F)ccc2C(=O)Nc2cccc(n2)-c2nncn21,25.0,2,False
C[C@H]1CCCOc2ccccc2C(=O)Nc2cccc(n2)-c2nncn21,38.5,2,False
C[C@H]1CCCOc2nn(C)cc2C(=O)Nc2cccc(n2)-c2nncn21,19.4,2,False
C[C@H]1CCCn2cnnc2-c2cccc(n2)NC(=O)c2ccccc2O1,567.0,2,False
C[C@H]1O[C@@H]2C[C@](O)([C@H]1O)n1c3ccccc3c3c4c(c5c6cc(O)ccc6n2c5c31)C(=O)NC4,50000.0,1,False
C[C@](O)(CO)c1ccc(C(=O)Nc2cc3c(ccn3C3CC3)cn2)cc1,141.5,2,False
C[C@](O)(CO)c1ccc(C(=O)Nc2cc3c(cn2)c(Br)cn3C2CC2)cc1,4.5,2,False
C[C@](O)(CO)c1ccc(C(=O)Nc2cc3c(cn2)c(Cl)cn3C2CC2)cc1,5.0,2,False
Cc1[nH]ncc1-c1ccc2nc(NC(=O)C3COc4ccc(F)cc4C3)sc2c1,19.226,2,True
Cc1c(C(=O)N2CCOc3ccc(-c4ccc(N)nc4)cc3C2)ccc(S(C)(=O)=O)c1F,5005.0,2,False
Cc1c(C(=O)Nc2cccc(-c3nncn3C(C)C)n2)[nH]c2ccccc12,44.1441,2,False
Cc1c(C(=O)Nc2cccc(-c3nncn3C(C)C)n2)oc2ccccc12,553.553,2,False
Cc1c(C(=O)Nc2cccc(-n3cnnn3)c2)oc2ccccc12,8358.35,2,False
Cc1c[nH]c2ncnc(-c3ccc(NC(=O)Nc4cccc(C(=O)NC(C)C)c4)cc3)c12,19.226,2,True
Cc1c[nH]c2ncnc(-c3ccc(NC(=O)Nc4ccccc4)cc3)c12,19.226,2,True
Cc1cc(C)c2nc(N3C(=O)C(=O)C(=C(O)c4ccc(Cl)cc4)C3c3ccc(C(C)C)cc3)sc2c1,6.3,1,False
Cc1cc(C)c2nc(N3C(=O)C(O)=C(C(=O)c4ccc(C)o4)C3c3ccc(C(C)C)cc3)sc2c1,1001.0,2,False
Cc1cc(C)c2nc(N3C(=O)C(O)=C(C(=O)c4ccc(Cl)cc4)C3c3ccc(C(C)C)cc3)sc2c1,6300.0,1,False
Cc1cc(C)c2nc(N3C(=O)C(O)=C(C(=O)c4ccco4)C3c3ccccc3)sc2c1,31531.5,2,False
Cc1cc(F)c(C(=O)Nc2cccc(-c3nncn3C(C)C(F)(F)F)n2)cc1-n1cnc(C2CC2)c1,0.0043,1,False
Cc1cc(F)c(C(=O)Nc2cccc(-c3nncn3C(C)C)c2)cc1-n1cnc(C2CC2)c1,12.9,1,False
Cc1cc(F)c(C(=O)Nc2cccc(-c3nncn3C(C)C)n2)cc1-n1cnc(C2CC2)c1,304.5,216,False
Cc1cc(F)c(C(=O)Nc2cccc(-c3nncn3[C@@H](C)C(F)(F)F)n2)cc1-n1cnc(C2CC2)c1,4.3,1,False
Cc1cc(F)c(C(=O)Nc2ccccn2)cc1-n1cnc(C2CC2)c1,3003.154785,6,False
Cc1cc(NC(=O)Nc2cccc(-c3nncn3C(C)C)n2)[nH]n1,141.9,1,False
Cc1cc(NC(=O)Nc2cccc(-c3nncn3C(C)C)n2)n(C)n1,2073.5715,2,False
Cc1cc(NC(=O)Nc2cccc(-c3nncn3C(C)C)n2)n[nH]1,0.1419,1,False
Cc1cc(NC(=O)Nc2cccc(-c3nncn3C(C)C)n2)nn1C,71.42134999999999,2,False
Cc1cc(NC2CCN(Cc3ccccc3)CC2)nc(Nc2ccc(N3CCOCC3)cc2)n1,18.747999999999998,2,False
Cc1cc(NC2CCN(Cc3ccccc3)CC2)nc(Nc2cccc(N(C)C)c2)n1,14.896,2,False
Cc1cc(NCCOc2ccccc2)nc(Nc2cccc(N(C)C)c2)n1,6.513,2,False
Cc1cc(NCCc2ccc(O)cc2)nc(N2CCN(Cc3ccc4c(c3)OCO4)CC2)n1,18.129,2,False
Cc1cc(NCCc2ccc(O)cc2)nc(Nc2cccc(N(C)C)c2)n1,11.655999999999999,2,False
Cc1cc(NCc2cccc(C(F)(F)F)c2)nc(Nc2ccc(N3CCOCC3)cc2)n1,5.578,2,False
Cc1cc(NCc2cccc(C(F)(F)F)c2)nc(Nc2cccc(N(C)C)c2)n1,18.7295,2,False
Cc1cc(Nc2ccc(N3CCOCC3)cc2)nc(N2CCN(Cc3ccc4c(c3)OCO4)CC2)n1,9.6685,2,False
Cc1cc(Nc2ccc(N3CCOCC3)cc2)nc(N2CCN(c3ccccn3)CC2)n1,6.668,2,False
Cc1cc(Nc2ccc(N3CCOCC3)cc2)nc(N2CCc3ccccc3C2)n1,8.632,2,False
Cc1cc(Nc2ccc(N3CCOCC3)cc2)nc(NCc2ccc3c(c2)OCO3)n1,6.69,2,False
Cc1cc(Nc2ccc(N3CCOCC3)cc2)nc(Nc2cccc(N(C)C)c2)n1,19.896,2,False
Cc1cc(Nc2ccc(N3CCOCC3)cc2)nc(Nc2ccccc2)n1,12.210999999999999,2,False
Cc1cc(Nc2ccc3c(c2)OCO3)nc(N2CCN(Cc3ccc4c(c3)OCO4)CC2)n1,11.869,2,False
Cc1cc(Nc2ccc3c(c2)OCO3)nc(Nc2ccc(N3CCOCC3)cc2)n1,12.6095,2,False
Cc1cc(Nc2ccc3c(c2)OCO3)nc(Nc2cccc(N(C)C)c2)n1,5.1,2,False
Cc1cc2c(-c3ccc(S(=O)(=O)NCCN)s3)ccnc2[nH]1,125.6255,2,False
Cc1cc2c(cc1-c1cccnc1)C(=O)N(c1cccc(-c3nncn3C3CC3)n1)C2,0.2,1,False
Cc1ccc(-c2ccc3c(c2)C(=O)N(c2cccc(-c4nncn4C4CC4)n2)C3)cn1,0.2,1,False
Cc1ccc(-c2ccc3c(ccc4sc5c(c43)NC[C@@H](C)NC5=O)n2)cn1,60.0,2,False
Cc1ccc(-c2cccc3cnc(Nc4ccc(-n5cnc(C)n5)cc4)nc23)cn1,19.226,2,True
Cc1ccc(-c2n[nH]c3ccc(-c4nncn4C(C)C)cc23)cc1-n1cnc(C2CC2)c1,32.814499999999995,4,False
Cc1ccc(-c2ncn(-c3ccc(Nc4ncc(Cl)c(-c5ccnn5C)n4)cc3)n2)cn1,19.226,2,True
Cc1ccc(-c2ncn(-c3ccc(Nc4nccc(-c5cncc(N6CCOCC6)c5)n4)cc3)n2)cn1,19.226,2,False
Cc1ccc(-c2ncn(-c3ccc(Nc4nccc(-c5cncc6ccccc56)n4)cc3)n2)cn1,19.226,2,False
Cc1ccc(-n2nc(C(C)(C)C)cc2NC(=O)Nc2ccc(OCCN3CCOCC3)c3ccccc23)cc1,15015.0,2,False
Cc1ccc(C(=O)C2=C(O)C(=O)N(c3nc4ccc(C)cc4s3)C2c2ccc(C(C)(C)C)cc2)cc1,4400.0,1,False
Cc1ccc(C(=O)C2=C(O)C(=O)N(c3nc4ccc(F)cc4s3)C2c2ccc(C(C)(C)C)cc2)cc1,7600.0,1,False
Cc1ccc(C(=O)C2=C(O)C(=O)N(c3nc4ccc(F)cc4s3)C2c2ccc(C(C)(C)C)cc2)o1,775.775,2,False
Cc1ccc(C(=O)Nc2cccc(-c3nncn3C(C)C)n2)c(F)c1,25.0875,6,False
Cc1ccc(C(O)=C2C(=O)C(=O)N(c3nc4ccc(C)cc4s3)C2c2ccc(C(C)(C)C)cc2)cc1,4.4,1,False
Cc1ccc(C(O)=C2C(=O)C(=O)N(c3nc4ccc(F)cc4s3)C2c2ccc(C(C)(C)C)cc2)cc1,7.6,1,False
Cc1ccc2c(c1)C(=O)Nc1cccc(n1)-c1nncn1CCCCO2,50.5,6,False
Cc1ccc2cc(C(=O)Nc3cccc(-c4nncn4C(C)C)n3)[nH]c2c1,16.4164,2,False
Cc1ccc2nc(N3C(=O)C(=O)C(=C(O)c4ccc(F)cc4)C3c3ccc(Cl)cc3)sc2c1,2.9,1,False
Cc1ccc2nc(N3C(=O)C(O)=C(C(=O)c4ccc(F)cc4)C3c3ccc(Cl)cc3)sc2c1,2900.0,1,False
Cc1ccc2nc(N3C(=O)C(O)=C(C(=O)c4ccco4)C3c3ccc(Br)cc3)sc2c1,14114.1,2,False
Cc1ccc2nc(N3C(=O)C(O)=C(C(=O)c4ccco4)C3c3ccc(Cl)cc3)sc2c1,15115.1,2,False
Cc1ccc2nc(N3C(=O)C(O)=C(C(=O)c4ccco4)C3c3cccc(Br)c3)sc2c1,15515.5,2,False
Cc1ccc2nc(NC(=O)c3ccc(C(C)(C)C)cc3)cn2c1,11.011,2,False
Cc1ccc2nc(NC(=O)c3ccc(C(C)(C)C)cc3)sc2c1,130.13,2,False
Cc1cccc(Nc2ccc3c(cnn3-c3cccc(C(=O)NCCN4CCN(CC5CC5)CC4)c3)c2)c1Cl,19.226,2,True
Cc1cccc(Nc2ccc3c(cnn3-c3cccc(C(=O)NCCN4CCNCC4)c3)c2)c1Cl,19.226,2,True
Cc1ccccc1-c1cscc1Nc1cnn(-c2cccc(C(=O)Nc3ccc(N4CCOCC4)cc3)c2)c1,19.226,2,True
Cc1ccncc1-c1ccc2c(c1)C(=O)N(c1cccc(-c3nncn3C3CC3)n1)C2,0.2,1,False
Cc1cn(-c2ccc3c(c2)C(=O)Nc2cccc(n2)-c2nncn2CCCCO3)cn1,2.014,4,False
Cc1cn(C)c2cc(NC(=O)c3ccc(C(C)(C)O)cc3)ncc12,24.0,2,False
Cc1cnc(-c2cc(Cl)ccc2F)cc1-n1c(=O)n(CC(N)=O)c2cnccc21,2502.5,2,False
Cc1cnc(-c2ccc(C(N)=O)cc2)nc1Nc1ccc(N2CCOCC2)cc1,17.672,2,False
Cc1cnc(-c2cccc(N)c2)nc1Nc1ccc(N2CCOCC2)cc1,14.0055,2,False
Cc1cnc(-c2csc3ccccc23)nc1Nc1ccc(N2CCOCC2)cc1,20.078,2,False
Cc1cnc(Nc2ccc(N3CCOCC3)cc2)nc1NCc1cccc(C(F)(F)F)c1,5.5385,2,False
Cc1cnc(Nc2ccc(N3CCOCC3)cc2)nc1NCc1ccccc1,13.4805,2,False
Cc1cnc(Nc2nc3ccccc3n2C)nc1Nc1ccc(N2CCOCC2)cc1,21.765,2,False
Cc1cncc(-c2ccc3c(c2)C(=O)N(c2cccc(-c4nncn4C4CC4)n2)C3)c1,0.2,1,False
Cc1n[nH]c(C)c1-c1cc(F)cc(-c2ccnc(Nc3ccc(-n4cnc(N5CCOCC5)n4)cc3)n2)c1,19.226,2,True
Cc1nc(C)n(-c2ccc(Nc3nccc(-c4cc(F)cc(-c5cn[nH]c5C)c4)n3)cc2)n1,19.226,2,True
Cc1nc(C)n(-c2ccc(Nc3nccc(-c4cc(F)cc(-c5ncco5)c4)n3)cc2)n1,19.226,2,True
Cc1nc(C)n(-c2ccc(Nc3nccc(-c4cccc(-n5cncn5)c4)n3)cc2)n1,19.226,2,True
Cc1nc(C)n(-c2ccc(Nc3nccc(-c4cccc(-n5nccn5)c4)n3)cc2)n1,19.226,2,True
Cc1ncc(-c2ccc3c(c2)C(=O)N(c2cccc(-c4nncn4C4CC4)n2)C3)cn1,0.2,1,False
Cc1ncc(-c2ccc3c(c2)C(=O)N(c2cccc(-c4nncn4C4CC4)n2)C3)s1,0.2,1,False
Cc1ncccc1-c1ccc2c(c1)C(=O)N(c1cccc(-c3nncn3C3CC3)n1)C2,0.2,1,False
Cc1ncn(-c2ccc(Nc3nccc(-c4cc(F)cc(-c5cn[nH]c5C)c4)n3)cc2)n1,19.226,2,True
Cc1ncn(-c2ccc3c(c2)C(=O)Nc2cccc(n2)-c2nncn2CCCCO3)c1C,50.5,6,False
Clc1cccc(Nc2ncc3ccccc3n2)c1,5005.0,2,False
Clc1cccc(Nc2ncnc3[nH]cnc23)c1,10000.0,1,False
Clc1cccc(Nc2ncnc3nc[nH]c23)c1,10.0,1,False
Cn1c(=O)c(C(=O)c2ccccc2)c2c3c(cccc31)C(=O)c1ccccc1-2,17517.5,2,False
Cn1c(=O)c(NCCO)c2c3c(cccc31)C(=O)c1ccccc1-2,12512.5,2,False
Cn1c(=O)c(S(=O)(=O)c2ccc(F)cc2F)cc2cnc(Nc3ccc4[nH]ccc4c3)nc21,5005.0,2,False
Cn1c(Cl)c(Cl)c2cnc(NC(=O)c3ccc(C(C)(C)O)cc3)cc21,103.0,2,False
Cn1c(Cl)c(Cl)c2cnc(NC(=O)c3ccc([C@@](C)(O)CO)cc3)cc21,122.0,1,False
Cn1c2ccccc2c(=O)n1-c1cccc(-c2nncn2C2CC2)n1,5.5,1,False
Cn1cc(-c2ccc3c(c2)C(=O)Nc2cccc(n2)-c2nncn2CCCCO3)cn1,2.5125,4,False
Cn1cc(-c2ccc3cnc(Nc4ccc(-c5ccc(N6CCOCC6)nc5)cc4)nc3c2Cl)cn1,19.226,2,True
Cn1cc(-c2ccc3cnc(Nc4ccc(-n5cnc(N6CCOCC6)n5)cc4)nc3c2)cn1,19.226,2,True
Cn1cc(-c2ccc3nc(Nc4cccc(N(C(=O)C(C)(C)C)c5ccccc5)c4)ncc3c2)cn1,5005.0,2,False
Cn1cc(-c2ccc3nc(Nc4cccc(N)c4)ncc3c2)cn1,5005.0,2,False
Cn1cc(-c2ccc3nc(Nc4ccccc4)ncc3c2)cn1,5005.0,2,False
Cn1cc(/C=C2\C(=O)Nc3ccccc32)c2ccccc21,91350.0,2,False
Cn1cc(Br)c2cnc(NC(=O)c3ccc(C(C)(C)O)cc3)cc21,7.5,2,False
Cn1cc(Br)c2cnc(NC(=O)c3ccc([C@@](C)(O)CO)cc3)cc21,13.5,2,False
Cn1cc(C=C2C(=O)Nc3ccccc32)c2ccccc21,91.35,2,False
Cn1cc(Cl)c2cnc(NC(=O)c3ccc(C(C)(C)O)cc3)cc21,14.5,2,False
Cn1cc(Cl)c2cnc(NC(=O)c3ccc([C@@](C)(O)CO)cc3)cc21,19.0,1,False
Cn1cc(Cl)c2cnc(NC(=O)c3ccc([C@](C)(O)CO)cc3)cc21,38.0,1,False
Cn1ccc(-c2ccc3c(c2)C(=O)N(c2cccc(-c4nncn4C4CC4)n2)C3)n1,0.2,1,False
Cn1ccc(-c2ccc3c(c2)CN(c2cccc(-c4nncn4C4CC4)n2)C3=O)n1,0.2,1,False
Cn1ccc2cc(-c3cc(Nc4ccc(N5CCOCC5)cc4)nc(N)n3)ccc21,19.997,2,False
Cn1ccnc1-c1ccc2c(c1)C(=O)N(c1cccc(-c3nncn3C3CC3)n1)C2,0.2,1,False
Cn1cnc(-c2ccc3c(c2)CN(c2cccc(-c4nncn4C4CC4)n2)C3=O)c1,0.2,1,False
Cn1cncc1-c1ccc2c(c1)C(=O)N(c1cccc(-c3nncn3C3CC3)n1)C2,0.2,1,False
Cn1nc(C(F)(F)F)c2cc(C(=O)Nc3cccc(-c4nncn4C4CC4)n3)c(=O)[nH]c21,488.89,1,False
Cn1nc(C(F)(F)F)c2cc(C(=O)Nc3cccc(-c4nncn4C4CC4)n3)c(OCc3ccccc3F)nc21,1290.0,1,False
Cn1nc(C(F)(F)F)c2cc(C(=O)Nc3cccc(-c4nncn4C4CCCC4)c3)c(=O)[nH]c21,5000.0,1,False
Cn1nc(C(F)(F)F)c2cc(C(=O)Nc3cccc(-c4nncn4C4CCCC4)n3)c(=O)[nH]c21,2180.0,1,False
Cn1nc(C(F)(F)F)c2cc(C(=O)Nc3cccc(-c4nncn4C4CCCC4)n3)c(OCc3ccccc3F)nc21,1020.0,1,False
Cn1nc(C(F)(F)F)c2cc(C(=O)Nc3cccc(-c4nncn4C4CCCCC4)c3)c(=O)[nH]c21,5000.0,1,False
Cn1nc(C(F)(F)F)c2cc(C(=O)Nc3cccc(-c4nncn4C4CCCCC4)n3)c(=O)[nH]c21,5000.0,1,False
Cn1nccc1-c1ccc2c(c1)CN(c1cccc(-c3nncn3C3CC3)n1)C2=O,0.2,1,False
FC(F)(F)c1cc(-c2ccnc(Nc3ccc(N4CCOCC4)cc3)n2)cc(N2CCOCC2)c1,19.226,2,False
FC(F)(F)c1ccc(Cn2cnc3c(NC4CCN(Cc5ccccc5)CC4)nc(Nc4ccc(N5CCOCC5)cc4)nc32)cc1,16.569499999999998,2,False
FC(F)(F)c1ccc(Cn2cnc3c(NCc4cccc(C(F)(F)F)c4)nc(Nc4ccc5ncccc5c4)nc32)cc1,19.84,2,False
FC(F)(F)c1ccc(Cn2cnc3c(NCc4ccccc4)nc(-c4ccc(N5CCOCC5)nc4)nc32)cc1,19.9,2,False
FC(F)(F)c1ccc(Cn2cnc3c(NCc4ccccc4)nc(Nc4ccccc4)nc32)cc1,20.053,2,False
FC(F)(F)c1ccc(Cn2cnc3c(Nc4ccc(N5CCOCC5)cc4)nc(N4CCN(Cc5ccc6c(c5)OCO6)CC4)nc32)cc1,18.606499999999997,2,False
FC(F)(F)c1ccc(Cn2cnc3c(Nc4ccc(N5CCOCC5)cc4)nc(N4CCN(c5ccccn5)CC4)nc32)cc1,20.009,2,False
FC(F)(F)c1ccc(Cn2cnc3c(Nc4ccc(N5CCOCC5)cc4)nc(NC4CCN(Cc5ccccc5)CC4)nc32)cc1,10.824,2,False
FC(F)(F)c1ccc(Cn2cnc3c(Nc4ccc5c(c4)OCO5)nc(N4CCN(c5ccccn5)CC4)nc32)cc1,20.034,2,False
FC(F)(F)c1ccc(Cn2cnc3c(Nc4ccc5c(c4)OCO5)nc(NC4CCN(Cc5ccccc5)CC4)nc32)cc1,20.491,2,False
FC(F)(F)c1ccc(Cn2cnc3c(Nc4ccc5c(c4)OCO5)nc(Nc4ccc(N5CCOCC5)cc4)nc32)cc1,8.3315,2,False
FC(F)(F)c1ccc(Cn2cnc3c(Nc4ccc5c(c4)OCO5)nc(Nc4ccccc4)nc32)cc1,21.983,2,False
FC(F)(F)c1cccc(CNc2ccnc(Nc3ccc(N4CCOCC4)cc3)n2)c1,10.7345,2,False
FC(F)(F)c1cccc(CNc2nc(N3CCN(Cc4ccc5c(c4)OCO5)CC3)nc3c2ncn3-c2ccccc2)c1,20.064,2,False
FC(F)(F)c1cccc(CNc2nc(N3CCN(c4ccccn4)CC3)nc3c2ncn3-c2ccsc2)c1,20.011,2,False
FC(F)(F)c1cccc(CNc2nc(Nc3ccc(N4CCOCC4)cc3)nc3c2ncn3-c2ccsc2)c1,14.374500000000001,2,False
FC(F)(F)c1cccc(CNc2nc(Nc3ccc(N4CCOCC4)cc3)nc3nc[nH]c23)c1,14.817,2,False
Fc1cc(-c2ccnc(Nc3ccc(N4CCOCC4)cc3)n2)cc(N2CCN(C3CC3)CC2)c1,19.226,2,True
Fc1ccc(-c2c(-c3ccnc(Nc4ccc(N5CCOCC5)cc4)c3)noc2NCc2ccccc2)cc1,19.226,2,True
Fc1ccc(Nc2[nH]cnc3ncnc2-3)cc1,10000.0,1,False
Fc1ccc(Nc2ncc3cc(Br)ccc3n2)cc1,5005.0,2,False
Fc1ccc(Nc2ncc3ccccc3n2)cc1,5005.0,2,False
Fc1ccc(Nc2ncnc3nc[nH]c23)cc1,10.0,1,False
Fc1cnc(Nc2ccc(N3CCNCC3)cc2)cc1-n1cnc(Nc2ccccc2)n1,19.226,2,False
N#CC1CCN(c2cnc(C(=O)Nc3csc(-c4nncn4C4CC4)n3)cc2-n2cnc(C3CC3)c2)CC1,0.0022,1,False
N#CC1CN(c2cnc(C(=O)Nc3csc(-c4nncn4C4CC4)n3)cc2-n2cnc(C3CC3)c2)C1,0.0009,1,False
N#Cc1c[nH]c2c(C(N)=O)ccc(OC3CCNCC3)c12,125.6255,2,False
NC(=O)c1cc2ccccc2cc1Nc1ccnc(Nc2ccc(N3CCOCC3)cc2)c1,19.226,2,True
NC(=O)c1ccc(-c2nc(NCc3cccc(C(F)(F)F)c3)c3ncn(-c4ccccc4)c3n2)cc1,18.004,2,False
NC(=O)c1ccc(-c2nc(NCc3cccc(C(F)(F)F)c3)c3ncn(Cc4ccc(C(F)(F)F)cc4)c3n2)cc1,17.267,2,False
NC1=NC(=C2CCNC(=O)c3[nH]c(Br)cc32)C(=O)N1,3.575,2,False
NC1=NC(=O)/C(=C2\CCNC(=O)c3[nH]c(Br)cc32)N1,3575.0,2,False
NCC(Oc1cnc(-c2ccoc2)c(-c2c[nH]c3ncccc23)c1)c1ccccc1,0.0079,1,False
NCCNS(=O)(=O)c1ccc(-c2c[nH]c3ncccc23)s1,25.025,2,False
NC[C@H](Oc1cnc(-c2ccoc2)c(-c2c[nH]c3ncccc23)c1)c1ccccc1,7.9,1,False
Nc1cc(C2=C3C=CN=C3C(=O)NCC2)c(O)[nH]1,19.226,2,False
Nc1ccc2c(c1)CN(c1cccc(-c3nncn3C3CC3)n1)C2=O,0.2,1,False
Nc1cccc(-c2ccc3nc(Nc4ccccc4)ncc3c2)c1,5005.0,2,False
Nc1cccc(-c2nc3ncnc(Nc4ccc(N5CCOCC5)cc4)c3[nH]2)c1,18.232,2,False
Nc1cccc(Nc2ncc3cc(-c4cccc(N)c4)ccc3n2)c1,5005.0,2,False
Nc1cccc(Nc2ncc3cc(-c4cn[nH]c4)ccc3n2)c1,300.3,2,False
Nc1cccc(Nc2ncc3cc(Br)ccc3n2)c1,5005.0,2,False
Nc1cccc(Nc2ncc3ccccc3n2)c1,5005.0,2,False
Nc1nc(Nc2ccc(N3CCOCC3)cc2)cc(-c2ccc3[nH]ccc3c2)n1,10.0525,2,False
Nc1nc(Nc2ccc(N3CCOCC3)cc2)cc(NC2CCN(Cc3ccccc3)CC2)n1,23.138,2,False
Nc1nc(Nc2ccc(N3CCOCC3)cc2)cc(Nc2ccc3c(c2)OCO3)n1,16.755,2,False
Nc1nc(OCC2CCCCC2)c2[nH]cnc2n1,25.1,1,False
Nc1nc(OCC2CCCCC2)c2nc[nH]c2n1,25100.0,1,False
Nc1nccc(-c2ccc3c(N)n[nH]c3c2)n1,2847.845,2,False
O=C(C1=C(O)C(=O)N(c2nc3ccc(F)cc3s2)C1c1ccc(Br)cc1)c1ccco1,14114.1,2,False
O=C(C1=C(O)C(=O)N(c2nc3ccc(F)cc3s2)C1c1cccc(Br)c1)c1ccco1,14764.75,2,False
O=C(C1=C(O)C(=O)N(c2nc3ccc(F)cc3s2)C1c1cccc(Cl)c1)c1ccco1,14114.1,2,False
O=C(C1=C(O)C(=O)N(c2nc3ccc(F)cc3s2)C1c1cccc(Cl)c1)c1cccs1,2252.25,2,False
O=C(C1=C(O)C(=O)N(c2nc3ccc(F)cc3s2)C1c1cccc(F)c1)c1ccco1,21321.3,2,False
O=C(Cc1cn(-c2ccc(N3CCN(Cc4ccc5c(c4)OCO5)CC3)nn2)c2ccccc12)Nc1ccc(N2CCOCC2)cc1,20.015,2,False
O=C(Cc1cn(-c2ccc(Nc3nccc4ccccc34)nn2)c2ccccc12)Nc1ccc2c(c1)OCO2,21.615,2,False
O=C(NC1CC1)c1ccc(-c2nc(NCc3cccc(C(F)(F)F)c3)c3ncn(-c4ccccc4)c3n2)cc1,19.868,2,False
O=C(NC1CC1)c1ccc2c(c1)CN(c1cccc(-c3nncn3C3CC3)n1)C2=O,0.2,1,False
O=C(NC1CCOCC1)c1ccc2c(c1)CN(c1cccc(-c3nncn3C3CC3)n1)C2=O,0.2,1,False
O=C(NCCN1CCOCC1)c1cccc(-n2ncc3cc(Nc4c(F)cccc4[N+](=O)[O-])ccc32)c1,19.226,2,False
O=C(NCCO)C1=Cc2c(ncnc2Nc2ccc(Oc3cccc4sccc34)c(Cl)c2)NCC1,5005.0,4,False
O=C(NCCn1ccnc1)c1ccc2c(c1)CN(c1cccc(-c3nncn3C3CC3)n1)C2=O,0.2,1,False
O=C(N[C@@H](COc1ccc2[nH]c(=O)[nH]c2c1)c1ccccc1)c1cccn(Cc2ccc(F)c(F)c2)c1=O,5000.0,1,False
O=C(Nc1cc2c(cc1F)CN(c1cccc(-c3nncn3C3CC3)n1)C2=O)C1CC1,0.6,1,False
O=C(Nc1ccc(-c2ncnc3[nH]ccc23)cc1)C1COc2ccccc2O1,19.226,2,True
O=C(Nc1cccc(-c2n[nH]c3ccc(-c4ncn[nH]4)cc23)c1)c1ccc(C(F)(F)F)cc1,0.532,1,False
O=C(Nc1cccc(-c2n[nH]c3ccc(-c4nnc[nH]4)cc23)c1)c1ccc(C(F)(F)F)cc1,532.0,1,False
O=C(Nc1cccc(-c2nncn2C2CC2)c1)c1cc(-n2cnc(C3CC3)c2)ccn1,2.87,6,False
O=C(Nc1cccc(-c2nncn2C2CC2)n1)c1cc(-c2ccc3[nH]ccc3c2)cn(Cc2ccccc2F)c1=O,5000.0,1,False
O=C(Nc1cccc(-c2nncn2C2CC2)n1)c1cc(-c2ccc3scnc3c2)cn(Cc2ccccc2F)c1=O,5000.0,1,False
O=C(Nc1cccc(-c2nncn2C2CC2)n1)c1cc(-c2cccc3[nH]ccc23)cn(Cc2ccccc2F)c1=O,5000.0,1,False
O=C(Nc1cccc(-c2nncn2C2CC2)n1)c1cc(-c2cccnc2)cn(Cc2ccccc2F)c1=O,5000.0,1,False
O=C(Nc1cccc(-c2nncn2C2CC2)n1)c1cc(-c2cnc(Cl)nc2)cn(Cc2ccccc2F)c1=O,2370.0,1,False
O=C(Nc1cccc(-c2nncn2C2CC2)n1)c1cc(-c2cnn(C(F)F)c2)cn(Cc2ccccc2F)c1=O,290.89,1,False
O=C(Nc1cccc(-c2nncn2C2CC2)n1)c1cc(-c2cnn(C3CC3)c2)cn(Cc2ccccc2F)c1=O,1.73,1,False
O=C(Nc1cccc(-c2nncn2C2CC2)n1)c1cc(-c2cnn(C3CCC3)c2)cn(Cc2ccccc2F)c1=O,289.0,1,False
O=C(Nc1cccc(-c2nncn2C2CC2)n1)c1cc(Br)cn(Cc2ccccc2F)c1=O,5000.0,1,False
O=C(Nc1cccc(-c2nncn2C2CC2)n1)c1cc2c(cc1F)OCc1cncn1-2,114.0,1,False
O=C(Nc1ccccc1)c1ccccc1Nc1ccnc(Nc2ccc(N3CCOCC3)cc2)c1,19.226,2,False
O=C(Nc1csc(-c2nncn2C2CC2)n1)c1cc(-n2cnc(C3CC3)c2)c(N2CC(C(F)F)C2)cn1,0.0022,1,False
O=C(Nc1csc(-c2nncn2C2CC2)n1)c1cc(-n2cnc(C3CC3)c2)c(N2CC(F)(F)C2)cn1,0.0028,1,False
O=C(Nc1csc(-c2nncn2C2CC2)n1)c1cc(-n2cnc(C3CC3)c2)c(N2CC(N3CCOCC3)C2)cn1,0.0023,1,False
O=C(Nc1csc(-c2nncn2C2CC2)n1)c1cc(-n2cnc(C3CC3)c2)c(N2CC3(CCOCC3)C2)cn1,0.0045,1,False
O=C(Nc1csc(-c2nncn2C2CC2)n1)c1cc(-n2cnc(C3CC3)c2)c(N2CC3CC3C2)cn1,0.0011,1,False
O=C(Nc1csc(-c2nncn2C2CC2)n1)c1cc(-n2cnc(C3CC3)c2)c(N2CCC(C(F)(F)F)CC2)cn1,0.0032,1,False
O=C(Nc1csc(-c2nncn2C2CC2)n1)c1cc(-n2cnc(C3CC3)c2)c(N2CCC(F)CC2)cn1,0.0025,1,False
O=C(Nc1csc(-c2nncn2C2CC2)n1)c1cc(-n2cnc(C3CC3)c2)c(N2CCC(O)C2)cn1,3.0,1,False
O=C(Nc1csc(-c2nncn2C2CC2)n1)c1cc(-n2cnc(C3CC3)c2)c(N2CCC2)cn1,2.4,1,False
O=C(Nc1csc(-c2nncn2C2CC2)n1)c1cc(-n2cnc(C3CC3)c2)c(N2CCC3(CC2)COC3)cn1,0.0019,1,False
O=C(Nc1csc(-c2nncn2C2CC2)n1)c1cc(-n2cnc(C3CC3)c2)c(N2CCCC2)cn1,1.9,1,False
O=C(Nc1csc(-c2nncn2C2CC2)n1)c1cc(-n2cnc(C3CC3)c2)c(N2CCCCC2)cn1,2.0,1,False
O=C(Nc1csc(-c2nncn2C2CC2)n1)c1cc(-n2cnc(C3CC3)c2)c(N2CCCOCC2)cn1,0.0038,1,False
O=C(Nc1csc(-c2nncn2C2CC2)n1)c1cc(-n2cnc(C3CC3)c2)c(N2CCN(C3CC3)CC2)cn1,0.0028,1,False
O=C(Nc1csc(-c2nncn2C2CC2)n1)c1cc(-n2cnc(C3CC3)c2)c(N2CCN(CC(F)(F)F)CC2)cn1,0.0029,1,False
O=C(Nc1csc(-c2nncn2C2CC2)n1)c1cc(-n2cnc(C3CC3)c2)c(N2CCN(CC3CC3)CC2)cn1,0.0025,1,False
O=C(Nc1csc(-c2nncn2C2CC2)n1)c1cc(-n2cnc(C3CC3)c2)c(N2CCN3C(=O)OCC3C2)cn1,0.0027,1,False
O=C(Nc1csc(-c2nncn2C2CC2)n1)c1cc(-n2cnc(C3CC3)c2)c(N2CCN3CCCC3C2)cn1,0.0027,1,False
O=C(Nc1csc(-c2nncn2C2CC2)n1)c1cc(-n2cnc(C3CC3)c2)c(N2CCOCC2)cn1,1.44,1,False
O=C(Nc1nc2cc(C(F)(F)F)cc(NC3CC3)n2n1)c1cccnc1,6.5655,8,False
O=C(O)C(Cc1ccccc1)N1C(=O)/C(=C/c2ccncc2)SC1=S,33000.0,1,False
O=C(O)C(Cc1ccccc1)N1C(=O)C(=Cc2ccncc2)SC1=S,33.0,1,False
O=C(O)CC(C(=O)O)N1C(=O)/C(=C/c2ccc(-c3c(Cl)cccc3Cl)o2)SC1=S,1000.0,1,False
O=C(O)CC(C(=O)O)N1C(=O)/C(=C/c2ccc(-c3ccc(Br)cc3)o2)SC1=S,2800.0,1,False
O=C(O)CC(C(=O)O)N1C(=O)C(=Cc2ccc(-c3c(Cl)cccc3Cl)o2)SC1=S,1.0,1,False
O=C(O)CC(C(=O)O)N1C(=O)C(=Cc2ccc(-c3ccc(Br)cc3)o2)SC1=S,2.8,1,False
O=C(O)CCCCCN1C(=O)/C(=C/c2ccc(-c3ccc(Br)cc3)o2)SC1=S,200.0,1,False
O=C(O)CCCCCN1C(=O)/C(=C/c2ccc(-c3cccc(C(F)(F)F)c3)o2)SC1=S,500.0,1,False
O=C(O)CCCCCN1C(=O)/C(=C/c2ccc(-c3ccccc3Cl)o2)SC1=S,500.0,1,False
O=C(O)CCCCCN1C(=O)C(=Cc2ccc(-c3ccc(Br)cc3)o2)SC1=S,0.2,1,False
O=C(O)CCCCCN1C(=O)C(=Cc2ccc(-c3cccc(C(F)(F)F)c3)o2)SC1=S,0.5,1,False
O=C(O)CCCCCN1C(=O)C(=Cc2ccc(-c3ccccc3Cl)o2)SC1=S,0.5,1,False
O=C(O)CCCN1C(=O)/C(=C/c2ccc(-c3c(Cl)cccc3Cl)o2)SC1=S,500.0,1,False
O=C(O)CCCN1C(=O)/C(=C/c2ccc(-c3cc(Cl)ccc3Cl)o2)SC1=S,350.0,1,False
O=C(O)CCCN1C(=O)/C(=C/c2ccc(-c3ccc(Br)cc3)o2)SC1=S,200.0,1,False
O=C(O)CCCN1C(=O)/C(=C/c2ccc(-c3cccc(Cl)c3)o2)SC1=S,350.0,1,False
O=C(O)CCCN1C(=O)/C(=C/c2ccc(-c3ccccc3Cl)o2)SC1=S,300.0,1,False
O=C(O)CCCN1C(=O)/C(=C/c2ccc(-c3ccccc3F)o2)SC1=S,3000.0,1,False
O=C(O)CCCN1C(=O)C(=Cc2ccc(-c3c(Cl)cccc3Cl)o2)SC1=S,0.5,1,False
O=C(O)CCCN1C(=O)C(=Cc2ccc(-c3cc(Cl)ccc3Cl)o2)SC1=S,0.35,1,False
O=C(O)CCCN1C(=O)C(=Cc2ccc(-c3ccc(Br)cc3)o2)SC1=S,0.2,1,False
O=C(O)CCCN1C(=O)C(=Cc2ccc(-c3cccc(Cl)c3)o2)SC1=S,0.35,1,False
O=C(O)CCCN1C(=O)C(=Cc2ccc(-c3ccccc3Cl)o2)SC1=S,0.3,1,False
O=C(O)CCCN1C(=O)C(=Cc2ccc(-c3ccccc3F)o2)SC1=S,3.0,1,False
O=C(O)CCN1C(=O)/C(=C/c2ccc(-c3ccc([N+](=O)[O-])cc3)o2)SC1=S,650.0,1,False
O=C(O)CCN1C(=O)/C(=C/c2ccc(-c3cccc(Cl)c3)o2)SC1=S,1000.0,1,False
O=C(O)CCN1C(=O)/C(=C/c2ccc(-c3ccccc3Cl)o2)SC1=S,750.0,1,False
O=C(O)CCN1C(=O)/C(=C/c2ccc(-c3ccccc3F)o2)SC1=S,300.0,1,False
O=C(O)CCN1C(=O)C(=Cc2ccc(-c3ccc([N+](=O)[O-])cc3)o2)SC1=S,0.65,1,False
O=C(O)CCN1C(=O)C(=Cc2ccc(-c3cccc(Cl)c3)o2)SC1=S,1.0,1,False
O=C(O)CCN1C(=O)C(=Cc2ccc(-c3ccccc3Cl)o2)SC1=S,0.75,1,False
O=C(O)CCN1C(=O)C(=Cc2ccc(-c3ccccc3F)o2)SC1=S,0.3,1,False
O=C(O)CN1C(=O)/C(=C/c2ccc(-c3ccccc3Cl)o2)SC1=S,1250.0,1,False
O=C(O)CN1C(=O)/C(=C/c2ccc(-c3ccccc3F)o2)SC1=S,3000.0,1,False
O=C(O)CN1C(=O)/C(=C/c2ccco2)SC1=S,33000.0,1,False
O=C(O)CN1C(=O)/C(=C/c2ccncc2)SC1=S,33000.0,1,False
O=C(O)CN1C(=O)C(=Cc2ccc(-c3ccccc3Cl)o2)SC1=S,1.25,1,False
O=C(O)CN1C(=O)C(=Cc2ccc(-c3ccccc3F)o2)SC1=S,3.0,1,False
O=C(O)CN1C(=O)C(=Cc2ccco2)SC1=S,33.0,1,False
O=C(O)CN1C(=O)C(=Cc2ccncc2)SC1=S,33.0,1,False
O=C(O)c1ccc(N2C(=O)/C(=C/c3cccnc3)SC2=S)cc1,33000.0,1,False
O=C(O)c1ccc(N2C(=O)C(=Cc3cccnc3)SC2=S)cc1,33.0,1,False
O=C(O)c1ccc2c(c1)C(=O)N(c1cccc(-c3nncn3C3CC3)n1)C2,0.2,1,False
O=C(c1cc2c(cc1-c1cccnc1)C(=O)N(c1cccc(-c3nncn3C3CC3)n1)C2)N1CCCC1,0.2,1,False
O=C(c1cc2c(cc1Cl)C(=O)N(c1cccc(-c3nncn3C3CC3)n1)C2)N1CCCCC1,0.2,1,False
O=C(c1ccc2c(c1)CN(c1cccc(-c3nncn3C3CC3)n1)C2=O)N1CC2CCC(C1)O2,0.2,1,False
O=C(c1ccc2c(c1)CN(c1cccc(-c3nncn3C3CC3)n1)C2=O)N1CCC(O)CC1,0.2,1,False
O=C(c1ccc2c(c1)CN(c1cccc(-c3nncn3C3CC3)n1)C2=O)N1CCC1,0.2,1,False
O=C(c1ccc2c(c1)CN(c1cccc(-c3nncn3C3CC3)n1)C2=O)N1CCCC1,0.2,1,False
O=C(c1ccc2c(c1)CN(c1cccc(-c3nncn3C3CC3)n1)C2=O)N1CCCCC1,0.2,1,False
O=C(c1ccc2c(c1)CN(c1cccc(-c3nncn3C3CC3)n1)C2=O)N1CCOCC1,0.2,1,False
O=C(c1ccc2c(c1)CN(c1cccc(-c3nncn3C3CC3)n1)C2=O)N1CCSCC1,0.2,1,False
O=C1/C(=C/c2ccc(-c3ccc(Br)cc3)o2)SC(=S)N1c1cccc(O)c1,2000.0,1,False
O=C1/C(=C/c2ccc(-c3ccc(Cl)c(Cl)c3)o2)SC(=S)N1c1ccc(F)cc1,33000.0,1,False
O=C1/C(=C/c2ccc(Cl)cc2Cl)SC(=S)N1Nc1ccccc1,33000.0,1,False
O=C1/C(=C/c2ccco2)SC(=S)N1c1cccnc1,33000.0,1,False
O=C1C(=Cc2ccc(-c3ccc(Br)cc3)o2)SC(=S)N1c1cccc(O)c1,2.0,1,False
O=C1C(=Cc2ccc(-c3ccc(Cl)c(Cl)c3)o2)SC(=S)N1c1ccc(F)cc1,33.0,1,False
O=C1C(=Cc2ccc(Cl)cc2Cl)SC(=S)N1Nc1ccccc1,33.0,1,False
O=C1C(=Cc2ccco2)SC(=S)N1c1cccnc1,33.0,1,False
O=C1CCCN1CCCNc1nc(Nc2ccc(-n3ccnc3)cc2)nc2c1ncn2-c1ccsc1,19.892,2,False
O=C1CN(C(=O)c2ccc3c(c2)CN(c2cccc(-c4nncn4C4CC4)n2)C3=O)CCN1,0.2,1,False
O=C1NC(=S)S/C1=C\c1ccc(-c2ccccc2[N+](=O)[O-])o1,33000.0,1,False
O=C1NC(=S)S/C1=C\c1cccc(Br)c1,33000.0,1,False
O=C1NC(=S)S/C1=C\c1cccnc1,33000.0,1,False
O=C1NC(=S)SC1=Cc1ccc(-c2ccccc2[N+](=O)[O-])o1,33.0,1,False
O=C1NC(=S)SC1=Cc1cccc(Br)c1,33.0,1,False
O=C1NC(=S)SC1=Cc1cccnc1,33.0,1,False
O=C1NCc2c1c1c3cc(O)ccc3[nH]c1c1[nH]c3ccccc3c21,943.9,3,False
O=C1NCc2c1c1c3ccccc3[nH]c1c1[nH]c3ccc(O)cc3c21,370.37,2,False
O=C1Nc2cccc(n2)-c2nncn2C/C=C/COc2c(Br)cccc21,5050.0,2,False
O=C1Nc2cccc(n2)-c2nncn2CC=CCOc2c(Br)cccc21,5.05,2,False
O=C1Nc2cccc(n2)-c2nncn2CCCCCOc2ccccc21,10.888,10,False
O=C1Nc2cccc(n2)-c2nncn2CCCCOc2cc(F)ccc21,4.4335,4,False
O=C1Nc2cccc(n2)-c2nncn2CCCCOc2ccc(Br)cc21,15.5155,2,False
O=C1Nc2cccc(n2)-c2nncn2CCCCOc2ccc(F)cc21,8.829,4,False
O=C1Nc2cccc(n2)-c2nncn2CCCCOc2ccc(N3CC4(COC4)C3)cc21,14.1265,4,False
O=C1Nc2cccc(n2)-c2nncn2CCCCOc2ccc(N3CCOCC3)cc21,4.5,10,False
O=C1Nc2cccc(n2)-c2nncn2CCCCOc2ccccc21,6.105,4,False
O=C1Nc2cccc(n2)-c2nncn2CCCOc2ccccc21,83.5325,4,False
O=C1c2cc(-c3ccc(C4CC4)nc3)ccc2CN1c1cccc(-c2nncn2C2CC2)n1,0.2,2,False
O=C1c2cc(-c3ccccn3)ccc2CN1c1cccc(-c2nncn2C2CC2)n1,0.2,1,False
O=C1c2cc(-c3cccnc3)c(Cl)cc2CN1c1cccc(-c2nncn2C2CC2)n1,0.2,1,False
O=C1c2cc(-c3cccnc3)c(F)cc2CN1c1cccc(-c2nncn2C2CC2)n1,0.2,1,False
O=C1c2cc(-c3cccnc3)c(OC3CCCC3)cc2CN1c1cccc(-c2nncn2C2CC2)n1,0.2,1,False
O=C1c2cc(-c3cccnc3)ccc2CN1c1cccc(-c2nncn2C2CC2)n1,0.2,1,False
O=C1c2cc(-c3cccnc3F)ccc2CN1c1cccc(-c2nncn2C2CC2)n1,0.2,1,False
O=C1c2cc(-c3cccnn3)ccc2CN1c1cccc(-c2nncn2C2CC2)n1,0.2,1,False
O=C1c2cc(-c3ccncc3)ccc2CN1c1cccc(-c2nncn2C2CC2)n1,0.2,1,False
O=C1c2cc(-c3cnc(C4CC4)cn3)ccc2CN1c1cccc(-c2nncn2C2CC2)n1,0.2,1,False
O=C1c2cc(-c3cnc(C4CC4)nc3)ccc2CN1c1cccc(-c2nncn2C2CC2)n1,0.2,1,False
O=C1c2cc(-c3cncc(F)c3)ccc2CN1c1cccc(-c2nncn2C2CC2)n1,0.6,1,False
O=C1c2cc(-c3cnccc3Cl)ccc2CN1c1cccc(-c2nncn2C2CC2)n1,0.2,1,False
O=C1c2cc(-c3cnccc3F)ccc2CN1c1cccc(-c2nncn2C2CC2)n1,0.2,1,False
O=C1c2cc(-c3cncnc3)ccc2CN1c1cccc(-c2nncn2C2CC2)n1,0.2,1,False
O=C1c2cc(-c3cnn(C4CC4)c3)ccc2CN1c1cccc(-c2nncn2C2CC2)n1,0.2,1,False
O=C1c2cc(-n3cc(C4CC4)nn3)ccc2CN1c1cccc(-c2nncn2C2CC2)n1,0.2,1,False
O=C1c2cc(-n3ccnc3)ccc2CN1c1cccc(-c2nncn2C2CC2)n1,0.2,1,False
O=C1c2cc(-n3cnc4ccccc43)ccc2CN1c1cccc(-c2nncn2C2CC2)n1,0.2,1,False
O=C1c2ccc(-c3ccn[nH]3)cc2CN1c1cccc(-c2nncn2C2CC2)n1,0.2,1,False
O=C1c2ccc(C(=O)n3cccn3)cc2CN1c1cccc(-c2nncn2C2CC2)n1,0.2,1,False
O=C1c2ccc(NC(=O)C3(c4ccccc4)CC3)cc2CN1c1cccc(-c2nncn2C2CC2)n1,0.6,1,False
O=C1c2ccccc2CN1c1cccc(-c2nnc3n2C(CO)CC3)n1,2.85,2,False
O=C1c2ccccc2CN1c1cccc(-c2nnc3n2CCC3)n1,0.6,1,False
O=C1c2ccccc2CN1c1cccc(-c2nncn2C2CC2)n1,0.2,1,False
O=C1c2ccccc2CN1c1cccc(-c2nncn2CC2CCO2)n1,397.562165,2,False
O=C1c2ccccc2CN1c1cccc(-n2ccnn2)n1,0.6,1,False
O=C1c2ccccc2CN1c1cccc(-n2nncc2C2CC2)n1,0.2,1,False
O=C1c2ccccc2CN1c1cccc(C2N=Nc3cccn32)n1,5.5,1,False
O=C1c2ccccc2CN1c1nccc(-c2nncn2C2CC2)n1,5.5,1,False
O=c1[nH]cccc1-c1ccc(Nc2nccc(-c3ccc4nc(C5CC5)[nH]c(=O)c4c3)n2)cc1,19.226,2,True
O=c1c2ccccc2n(C2CCCCO2)n1-c1cccc(-c2nncn2C2CC2)n1,5.5,1,False
O=c1c2ccccc2sn1-c1cccc(-c2nncn2C2CC2)n1,5.5,1,False
OC1CCN(c2ccc(Nc3nccc(-c4cc(F)cc(N5CCN(C6CC6)CC5)c4)n3)cc2)CC1,19.226,2,True
Oc1ccc(CCNc2nc(N3CCN(Cc4ccc5c(c4)OCO5)CC3)nc3c2ncn3-c2ccsc2)cc1,14.596,2,False
Oc1ccc(CCNc2nc(N3CCN(c4ccccn4)CC3)nc3c2ncn3-c2ccsc2)cc1,21.34,2,False
Oc1ccc(CCNc2nc(NC3CCN(Cc4ccccc4)CC3)nc3c2ncn3Cc2ccc(C(F)(F)F)cc2)cc1,19.11,2,False
Oc1ccc(CCNc2ncnc3nc(N4CCN(Cc5ccc6c(c5)OCO6)CC4)[nH]c23)cc1,16.312,2,False
[O-][n+]1ccc2c(-c3ccc(F)cc3Cl)ccnc2c1-c1c(Cl)cccc1Cl,5005.0,2,False
c1cc(-c2ccc3[nH]ncc3c2)nc(Nc2ccc(N3CCOCC3)cc2)n1,19.226,2,False
c1cc(-c2n[nH]c3ccc(-c4cn[nH]c4)cc23)cc(-n2cnc(C3CC3)c2)c1,137.43730000000002,2,False
c1cc(-c2n[nH]c3ccc(-c4nncn4C4CC4)cc23)cc(-n2cnc(C3CC3)c2)c1,28.5225,4,False
c1cc(-c2n[nH]c3ccc(-c4nncn4C4CCC4)cc23)cc(-n2cnc(C3CC3)c2)c1,38.638,4,False
c1cc(-c2n[nH]c3ccc(-c4nncn4C4CCCC4)cc23)cc(-n2cnc(C3CC3)c2)c1,29.801000000000002,4,False
c1cc(-c2n[nH]c3ccc(-c4nncn4C4CCCCC4)cc23)cc(-n2cnc(C3CC3)c2)c1,121.6215,2,False
c1cc(-n2cnc(N3CCOCC3)n2)ccc1Nc1ncc2ccc(-c3cn[nH]n3)cc2n1,19.226,2,True
c1cc(-n2cnc3c(NC4CC4)nc(Nc4ccc(N5CCOCC5)cc4)nc32)cs1,16.3275,2,False
c1cc(-n2cnc3c(Nc4ccc(N5CCOCC5)cc4)nc(N4CCN(Cc5ccc6c(c5)OCO6)CC4)nc32)cs1,15.3655,2,False
c1cc(-n2cnc3c(Nc4ccc(N5CCOCC5)cc4)nc(NCc4ccc5c(c4)OCO5)nc32)cs1,19.904,2,False
c1cc(-n2cnc3c(Nc4ccc5c(c4)OCO5)nc(N4CCN(Cc5ccc6c(c5)OCO6)CC4)nc32)cs1,19.906,2,False
c1cc(-n2cnc3c(Nc4ccc5c(c4)OCO5)nc(Nc4ccc(N5CCOCC5)cc4)nc32)cs1,9.829,2,False
c1cc(Nc2ccc3c(c2)OCO3)nc(N2CCN(Cc3ccc4c(c3)OCO4)CC2)n1,20.067,2,False
c1cc(Nc2ccc3c(c2)OCO3)nc(Nc2ccc(N3CCOCC3)cc2)n1,17.529,2,False
c1ccc(-c2ncn[nH]2)c(Nc2ccnc(Nc3ccc(N4CCOCC4)cc3)c2)c1,19.226,2,False
c1ccc(-n2cnc3c(NCc4cccnc4)nc(Nc4ccc(N5CCOCC5)cc4)nc32)cc1,17.625999999999998,2,False
c1ccc(-n2cnc3c(Nc4ccc(N5CCOCC5)cc4)nc(Nc4cccnc4)nc32)cc1,15.881,2,False
c1ccc(CCn2nc(-c3ccnc(Nc4ccc(N5CCOCC5)cc4)c3)cc2Nc2ccccc2)cc1,19.226,2,False
c1ccc(CCn2ncc(-c3ccnc(Nc4ccc(N5CCOCC5)cc4)c3)c2Nc2ccccc2)cc1,19.226,2,False
c1ccc(CN2CCC(Nc3ccnc(Nc4ccc(N5CCOCC5)cc4)n3)CC2)cc1,12.759,2,False
c1ccc(CN2CCC(Nc3nc(N4CCN(Cc5ccc6c(c5)OCO6)CC4)nc4c3ncn4C3CCCCC3)CC2)cc1,11.0215,2,False
c1ccc(CN2CCC(Nc3nc(Nc4ccc(N5CCOCC5)cc4)nc4c3ncn4-c3ccsc3)CC2)cc1,9.332,2,False
c1ccc(CN2CCC(Nc3nc(Nc4ccc(N5CCOCC5)cc4)nc4c3ncn4C3CCCCC3)CC2)cc1,8.0135,2,False
c1ccc(CN2CCC(Nc3nc(Nc4ccc(N5CCOCC5)cc4)nc4nc[nH]c34)CC2)cc1,19.661,2,False
c1ccc(N2CCN(c3nc(Nc4ccc(N5CCOCC5)cc4)c4ncn(-c5ccsc5)c4n3)CC2)nc1,16.6315,2,False
c1ccc(N2CCN(c3nc(Nc4ccc(N5CCOCC5)cc4)c4ncn(C5CCCCC5)c4n3)CC2)nc1,22.755,2,False
c1ccc(Nc2cc(-c3ccnc(Nc4ccc(N5CCOCC5)cc4)c3)nn2-c2ccccc2)cc1,19.226,2,False
c1ccc(Nc2ncc3cc(-c4cn[nH]c4)ccc3n2)cc1,5005.0,2,False
c1ccc(Nc2ncc3ccccc3n2)cc1,5005.0,2,False
c1ccc(Nc2ncnc3[nH]cnc23)cc1,10000.0,1,False
c1ccc(Nc2ncnc3nc[nH]c23)cc1,10.0,1,False
c1ccc(OCCNc2nc(N3CCN(Cc4ccc5c(c4)OCO5)CC3)nc3c2ncn3C2CCCCC2)cc1,18.4315,2,False
c1ccc(OCCNc2nc(Nc3ccc(-n4ccnc4)cc3)nc3c2ncn3C2CCCCC2)cc1,16.934,2,False
c1ccc(OCCNc2nc(Nc3ccc(N4CCOCC4)cc3)nc3c2ncn3C2CCCCC2)cc1,6.322,2,False
c1ccc(Oc2ccc(Nc3nc(N4CCc5ccccc5C4)nc4c3ncn4-c3ccccc3)cc2)cc1,20.039,2,False
c1ccc2c(-c3nccc(Nc4ccc(N5CCOCC5)cc4)n3)csc2c1,21.812,2,False
c1ccc2c(c1)CCN(c1nccc(Nc3ccc(N4CCOCC4)cc3)n1)C2,14.088999999999999,2,False
c1ccc2c(c1)OCC(c1nc(N3CCOCC3)c3cc(-c4cn[nH]c4)ccc3n1)O2,19.226,2,True
c1cn(-c2ccc(Nc3nc4ncnc(Nc5ccc6c(c5)OCO6)c4[nH]3)cc2)cn1,21.892,2,False
c1cnc2ccc(Nc3nc(Nc4ccc(N5CCOCC5)cc4)c4[nH]cnc4n3)cc2c1,15.823999999999998,2,False
c1cncc(CNc2nc(Nc3ccc(N4CCOCC4)cc3)nc3c2ncn3C2CCCCC2)c1,20.065,2,False
c1nc(N2CCCCC2)c2[nH]cnc2n1,17.0,1,False
c1nc(N2CCCCC2)c2nc[nH]c2n1,17000.0,1,False
c1nc(Nc2ccc(N3CCOCC3)cc2)c2[nH]c(N3CCN(Cc4ccc5c(c4)OCO5)CC3)nc2n1,13.775,2,False
