smiles,pIC50
Cn1cc(Cl)c2cnc(NC(=O)c3ccc([C@](C)(O)CO)cc3)cc21,7.4202166
Cc1cc2c(-c3ccc(S(=O)(=O)NCCN)s3)ccnc2[nH]1,6.600326
Cc1cc(C)c2nc(N3C(=O)C(O)=C(C(=O)c4ccc(Cl)cc4)C3c3ccc(C(C)C)cc3)sc2c1,5.2006593
Cc1ccc(C(=O)C2=C(O)C(=O)N(c3nc4ccc(F)cc4s3)C2c2ccc(C(C)(C)C)cc2)cc1,5.1191864
CCOc1ccc2nc(N3C(=O)C(O)=C(C(=O)c4ccccc4)C3c3ccc(Cl)cc3)sc2c1,5.376751
Cc1cc(F)c(C(=O)Nc2cccc(-c3nncn3C(C)C)n2)cc1-n1cnc(C2CC2)c1,5.858864
Nc1nccc(-c2ccc3c(N)n[nH]c3c2)n1,5.244888
C[C@@H]1CCn2cnnc2-c2cccc(n2)NC(=O)c2ccccc2OC1,6.0
COc1nn(C)cc1C(=O)Nc1cccc(-c2nncn2C(C)CO)n1,8.1549015
COC[C@H](C)n1cnnc1-c1cccc(NC(=O)c2cn(C)nc2OC)n1,6.1007266
COc1nn(C)cc1C(=O)Nc1cccc(-c2nncn2[C@@H](C)C(F)F)n1,8.1549015
COc1nn(CC2CC2)cc1C(=O)Nc1cccc(-c2nncn2[C@@H](C)C(F)(F)F)n1,8.045757
CC(=O)Nc1cccc(Nc2ncnc3[nH]cnc23)c1,5.0
CC(=O)Nc1cccc(Nc2ncc3ccccc3n2)c1,6.0457573
CC(C)n1cnnc1-c1cccc(NC(=O)c2ccccc2)n1,6.3999968
Cc1cc(F)c(C(=O)Nc2ccccn2)cc1-n1cnc(C2CC2)c1,5.2000003
CC(C)OC(=O)Nc1cccc(-c2nncn2C(C)C)n1,6.325047
CC(C)n1cnnc1-c1cccc(NC(=O)Nc2ccccc2)n1,5.5469875
CC(C)n1cnnc1-c1cccc(NC(=O)Nc2ccc3ccccc3n2)n1,7.160522
CC(C)n1cnnc1-c1cccc(NC(=O)Nc2cnn3ccccc23)n1,5.4381833
CC(C)n1cnnc1-c1cccc(NC(=O)Nc2ccc(-c3ccn(C)n3)cn2)n1,7.192465
C[C@H](CO)n1cnnc1-c1cccc(NC(=O)Nc2nccc3ccccc23)n1,7.421361
O=C(Nc1cccc(-c2nncn2C2CC2)c1)c1cc(-n2cnc(C3CC3)c2)ccn1,8.542118
COc1nn(C)cc1C(=O)Nc1cccc(-c2nncn2[C@@H](C)C(F)(F)F)n1,8.522879
Cc1c(C(=O)Nc2cccc(-n3cnnn3)c2)oc2ccccc12,4.7772837
CC(C)n1cnnc1-c1cccc(NC(=O)[C@H]2CN(c3ccc(C4CC4)nc3)CCO2)n1,7.7695513
C[C@@H]1O[C@@H](n2c3ccc(O)cc3c3c4c(c5c6ccccc6[nH]c5c32)CNC4=O)C[C@@H](N)[C@H]1O,5.958607
Cc1ccc(C(=O)Nc2cccc(-c3nncn3C(C)C)n2)c(F)c1,7.2596374
CNc1c2c3c(cccc3n(C)c1=O)C(=O)c1ccccc1-2,5.3279023
Nc1cccc(-c2ccc3nc(Nc4ccccc4)ncc3c2)c1,5.0
CN(C)c1cccc(Nc2nccc(NCCOc3ccccc3)n2)c1,5.69897
CC(C)(C)C(=O)N(c1ccccc1)c1cccc(Nc2ncc3cc(Br)ccc3n2)c1,5.0
CC(=O)Nc1cccc(Nc2ncc3cc(-c4cnn(C)c4)ccc3n2)c1,5.0
CCn1cc(Br)c2cnc(NC(=O)c3ccc([C@@](C)(O)CO)cc3)cc21,8.69897
Cn1nc(C(F)(F)F)c2cc(C(=O)Nc3cccc(-c4nncn4C4CCCCC4)n3)c(=O)[nH]c21,5.30103
O=C(Nc1cccc(-c2nncn2C2CC2)n1)c1cc(-c2cnc(Cl)nc2)cn(Cc2ccccc2F)c1=O,5.625252
CC(C)n1cnnc1-c1cccc(NC(=O)c2cc3ccccc3o2)n1,6.8193007
CC(C)n1cnnc1-c1cccc(NC(=O)c2cc3cccc(Cl)c3[nH]2)n1,7.047692
CC(C)n1cnnc1-c1cccc(NC(=O)c2cc3ccccc3n2C)n1,6.129011
CC(C)n1cnnc1-c1cccc(NC(=O)c2[nH]c3ccccc3c2-c2ccoc2)n1,6.8452716
CC(C)n1cnnc1-c1cccc(NC(=O)c2cc3ccc(-c4cccnc4)cc3[nH]2)n1,7.1643095
O=C(C1=C(O)C(=O)N(c2nc3ccc(F)cc3s2)C1c1cccc(Cl)c1)c1cccs1,5.3467875
CC(C)n1cnnc1-c1cccc(NC(=O)Nc2cccnc2)n1,5.917933
CCCCOc1ccc(C2C(C(=O)c3ccc4c(c3)OCCO4)=C(O)C(=O)N2c2nc3ccc(C)cc3s2)cc1,5.337242
COc1ccccc1C1C(C(=O)c2ccc(C)o2)=C(O)C(=O)N1c1nc2c(C)cc(C)cc2s1,4.481486
COc1ccc2cc(C(=O)Nc3cccc(-c4nncn4C(C)C)n3)[nH]c2c1,7.2652
COCCn1cc(NC(=O)c2csc(-c3nncn3C(C)C)n2)cn1,7.221849
C[C@@H](CO)n1cnnc1-c1cccc(N2Cc3ccccc3C2=O)n1,7.500038
Nc1cccc(Nc2ncc3cc(-c4cccc(N)c4)ccc3n2)c1,5.0
Cc1ccc(-c2n[nH]c3ccc(-c4nncn4C(C)C)cc23)cc1-n1cnc(C2CC2)c1,5.0590353
CC(C)n1cnnc1-c1cccc(NC(=O)c2cc3ccc(-c4cnn(C5CCOCC5)c4)cc3[nH]2)n1,7.1325326
CC(C)n1cnnc1-c1cccc(NC(=O)c2ccccc2F)n1,7.0
CC(C)n1cnnc1-c1cccc(NC(=O)C2CN(C)CCO2)n1,8.69897
COc1ccc(OC)c(Nc2nc(N)nc3[nH]cnc23)c1,4.7235384
O=C1Nc2cccc(n2)-c2nncn2CCCCCOc2ccccc21,7.0
Cc1c(C(=O)Nc2cccc(-c3nncn3C(C)C)n2)oc2ccccc12,5.956245
Cc1c(C(=O)Nc2cccc(-c3nncn3C(C)C)n2)[nH]c2ccccc12,7.0545316
C[C@H](CO)n1cnnc1-c1cccc(NC(=O)Nc2cc3ccccn3n2)n1,7.471083
NC[C@H](Oc1cnc(-c2ccoc2)c(-c2c[nH]c3ncccc23)c1)c1ccccc1,8.102373
O=C(NCCO)C1=Cc2c(ncnc2Nc2ccc(Oc3cccc4sccc34)c(Cl)c2)NCC1,5.0
O=C(O)C(Cc1ccccc1)N1C(=O)/C(=C/c2ccncc2)SC1=S,4.481486
Clc1cccc(Nc2ncc3ccccc3n2)c1,5.0
CC(n1cnnc1-c1nc(NC(=O)c2cc(-n3cnc(C4CC4)c3)c(N3CCCCC3)cn2)cs1)C(F)(F)F,9.1549015
CN(C)c1cccc(Nc2ncnc3[nH]cnc23)c1,5.0
CC(C)n1cnnc1-c1cccc(NC(=O)Nc2ccnc3ccccc23)n1,5.487049
CC1(O)CN(c2cnc(C(=O)Nc3csc(-c4nncn4C4CC4)n3)cc2-n2cnc(C3CC3)c2)C1,8.801343
O=C1Nc2cccc(n2)-c2nncn2CCCCOc2ccc(N3CCOCC3)cc21,7.0
CCCN(CCC)c1[nH]cnc2ncnc1-2,4.5883803
C[C@H](c1ccccc1)N1c2cc(-n3c(=O)[nH]c4ncccc43)ccc2C(=O)NC1(C)C,6.0
Cc1ccc2c(c1)C(=O)Nc1cccc(n1)-c1nncn1CCCCO2,7.0
Cn1c(=O)c(S(=O)(=O)c2ccc(F)cc2F)cc2cnc(Nc3ccc4[nH]ccc4c3)nc21,5.0
CCCC(C(=O)O)N1C(=O)/C(=C/c2ccc(-c3ccc(Br)cc3)o2)SC1=S,6.30103
Cc1ccc2cc(C(=O)Nc3cccc(-c4nncn4C(C)C)n3)[nH]c2c1,7.484126
C[C@H](n1cnnc1-c1cccc(NC(=O)c2cccn(C)c2=O)n1)C(F)(F)F,7.7447276
COc1nn(C)cc1C(=O)Nc1cccc(-c2nncn2C2(C(F)(F)F)CC2)n1,7.5086384
CCn1cc(C(=O)Nc2cccc(-c3nncn3[C@@H](C)C(F)(F)F)n2)c(OC)n1,7.8860564
COc1ccccc1C(=O)Nc1cccc(-c2nncn2[C@@H](C)C(F)(F)F)n1,7.275724
COc1ncccc1C(=O)Nc1cccc(-c2nncn2[C@@H](C)C(F)(F)F)n1,7.5686364
CCC(C(=O)O)N1C(=O)/C(=C/c2ccc(-c3cc(Cl)ccc3Cl)o2)SC1=S,6.30103
O=C(O)CN1C(=O)/C(=C/c2ccncc2)SC1=S,4.481486
COC(=O)CCCN1C(=O)/C(=C/c2ccc(-c3ccccc3F)o2)SC1=S,4.481486
CS(=O)(=O)Nc1cc(-c2ccncc2)cnc1Cl,5.0
COc1nn(C)cc1C(=O)Nc1cccc(-c2nncn2[C@H]2CCOC2)n1,8.09691
COC[C@@H](C)n1cnnc1-c1cccc(NC(=O)c2cn(C)nc2OC)n1,6.394695
O=C(O)CCCN1C(=O)/C(=C/c2ccc(-c3c(Cl)cccc3Cl)o2)SC1=S,6.30103
CCOC(=O)c1ccc(-c2ccc(/C=C3\SC(=S)N(C(CC(=O)O)C(C)=O)C3=O)o2)cc1,6.09691
O=C(O)CN1C(=O)/C(=C/c2ccc(-c3ccccc3Cl)o2)SC1=S,5.90309
CCn1cc(Cl)c2cnc(NC(=O)c3ccc([C@](C)(O)CO)cc3)cc21,7.920819
Cn1cc(Cl)c2cnc(NC(=O)c3ccc([C@@](C)(O)CO)cc3)cc21,7.7212462
C[C@H](n1cnnc1-c1nc(NC(=O)c2cc(-n3cnc(C4CC4)c3)c(N3CCCC3)cn2)cs1)C(F)(F)F,8.6575775
CC(C)(C)c1ccc(C(=O)Nc2cn3cc(-n4ccnc4)ccc3n2)cc1,7.853872
CSc1nc(N)nc2[nH]cnc12,4.876148
CC(C)n1cnnc1-c1cccc(NC(=O)Nc2cc(C3CC3)n[nH]2)n1,6.9076304
CC(C)n1cnnc1-c1cccc(NC(=O)Nc2nccc3ccccc23)n1,7.314258
CC(C)n1cnnc1-c1cccc(NC(=O)Nc2cc3ccccc3cn2)n1,7.2958493
CC(C)n1cnnc1-c1cccc(NC(=O)Nc2nn(C)c3ccccc23)n1,6.5861974
O=C(O)c1ccc(N2C(=O)/C(=C/c3cccnc3)SC2=S)cc1,4.481486
O=C(O)CC(C(=O)O)N1C(=O)/C(=C/c2ccc(-c3c(Cl)cccc3Cl)o2)SC1=S,6.0
Cc1cc(C)c2nc(N3C(=O)C(O)=C(C(=O)c4ccco4)C3c3ccccc3)sc2c1,4.481486
CCOc1ccc(C(=O)C2=C(O)C(=O)N(c3nc4ccc(C)cc4s3)C2c2ccc(F)cc2)cc1,5.2596374
CC(C)n1cc(-c2cc(C(=O)Nc3cccc(-c4nncn4C4CC4)n3)c(=O)n(Cc3ccccc3F)c2)cn1,8.039529
Cc1cc(NC(=O)Nc2cccc(-c3nncn3C(C)C)n2)nn1C,6.845576
CC(C)n1cnnc1-c1cccc(NC(=O)Nc2cc(C3CC3)nn2C)n1,5.0
CS(=O)(=O)c1ccc2c(c1)C(=O)Nc1cccc(n1)-c1nncn1CCCCO2,5.842543
COc1ccccc1C(=O)Nc1cccc(-c2nncn2C)n1,7.036212
C[C@H]1CCCOc2cc(F)ccc2C(=O)Nc2cccc(n2)-c2nncn21,8.1549015
CN(C)CCn1cc(-c2ccc3c(c2)C(=O)Nc2cccc(n2)-c2nncn2CCCCO3)cn1,8.2218485
COc1ccccc1C(=O)Nc1cccc(-c2nncn2C(C)C)n1,6.5243287
O=C1Nc2cccc(n2)-c2nncn2CCCOc2ccccc21,5.2171693
COCCNC(=O)c1cccc(-c2n[nH]c3ccc(-c4nncn4C(C)C)cc23)c1,6.610834
CC(C)n1cnnc1-c1ccc2[nH]nc(-c3cccc(C(=O)Nc4cnn(C)c4)c3)c2c1,6.8416376
CC(C)(C)c1ccc(C(=O)Nc2cn3cc(-n4cccc4)ccc3n2)cc1,7.5228786
CC(C)(C)c1ccc(C(=O)Nc2cn3cc(Cl)ccc3n2)cc1,7.79588
Cc1ccc2nc(N3C(=O)C(O)=C(C(=O)c4ccco4)C3c3ccc(Br)cc3)sc2c1,4.549751
CC(C)n1cnnc1-c1cccc(NC(=O)Nc2ccccn2)n1,7.36251
O=C(O)CCCCCN1C(=O)/C(=C/c2ccc(-c3cccc(C(F)(F)F)c3)o2)SC1=S,6.30103
COC(=O)CCCN1C(=O)/C(=C/c2ccc(-c3ccc(Br)cc3)o2)SC1=S,4.481486
COc1ccc(-c2ocnc2C(=O)NCc2ccncc2)cc1,5.0
CC(C)n1cnnc1-c1cccc(N(C)C(=O)N(C)c2cc3ccccn3n2)n1,5.1777663
CCOC(C)n1cc(-c2cccc(-c3n[nH]c4ccc(-c5nncn5C(C)C)cc34)c2)cn1,7.5243287
COc1cc(-c2n[nH]c3ccc(-c4nncn4C(C)C)cc23)cc(-n2cnc(C3CC3)c2)c1,4.947152
CCCOc1ccc(C2C(C(=O)c3ccc4c(c3)OCCO4)=C(O)C(=O)N2c2nc3ccc(C)cc3s2)cc1,5.69897
COc1nn(C)cc1C(=O)Nc1cccc(-c2nncn2C2CCC2(F)F)n1,8.30103
CC(C)n1cnnc1-c1cccc(NC(=O)c2cc3cccc(-c4ccncc4)c3[nH]2)n1,7.636388
C[C@H](CO)n1cnnc1-c1cccc(NC(=O)c2cc3ccccc3[nH]2)n1,7.1837587
CC(C)(C)c1ccc(C(=O)Nc2cn3cc(-c4ccccc4)ccc3n2)cc1,7.086186
Cn1cc(/C=C2\C(=O)Nc3ccccc32)c2ccccc21,4.481486
O=C(O)CCCN1C(=O)/C(=C/c2ccc(-c3ccccc3F)o2)SC1=S,5.5228786
CSCCC(C(=O)O)N1C(=O)/C(=C/c2ccc(-c3ccc(Cl)c(Cl)c3)o2)SC1=S,6.124939
CCC(C(=O)O)N1C(=O)/C(=C/c2ccc(-c3cccc(Cl)c3)o2)SC1=S,6.124939
CCc1ccc(-c2ccc(/C=C3\SC(=S)N(C(CC(=O)O)C(=O)O)C3=O)o2)cc1,5.7447276
O=C(C1=C(O)C(=O)N(c2nc3ccc(F)cc3s2)C1c1ccc(Br)cc1)c1ccco1,4.549751
CC(C)n1cnnc1-c1cccc(NC(=O)c2cc3c(cc2F)OCc2cncn2-3)n1,7.5086384
CNc1nc(-c2ccc3c(N)n[nH]c3c2)cc(N2C[C@@H](C(=O)NC3CCCCC3)CC[C@H]2C)n1,4.5600047
O=C(Nc1csc(-c2nncn2C2CC2)n1)c1cc(-n2cnc(C3CC3)c2)c(N2CCCC2)cn1,8.721247
C[C@H](n1cnnc1-c1nc(NC(=O)c2cc(-n3cnc(C4CC4)c3)c(N3CCC(C)(O)CC3)cn2)cs1)C(F)(F)F,8.744727
COc1ncc(-c2cc3c(c(NC(=O)CN4CCOCC4)c2)COC3)cc1NS(C)(=O)=O,5.0
CC(C)n1cnnc1-c1cccc(NC(=O)Nc2nc3ccccc3[nH]2)n1,6.95546
COc1nn(C)cc1C(=O)Nc1cccc(-c2nncn2C(C)C)c1,5.2101374
CC(C)n1cnnc1-c1cccc(NC(=O)c2cc3c(C(F)(F)F)nn(C)c3nc2OCc2ccccc2F)n1,5.30103
O=C(Nc1cccc(-c2nncn2C2CC2)n1)c1cc(-c2cccnc2)cn(Cc2ccccc2F)c1=O,5.30103
CCn1ccc2cnc(NC(=O)c3ccc([C@@](C)(O)CO)c(C)c3)cc21,6.277366
Cc1cn(C)c2cc(NC(=O)c3ccc(C(C)(C)O)cc3)ncc12,7.537602
COc1nn(C)cc1C(=O)Nc1cccc(-c2nncn2C2CC(F)(F)C2)n1,6.500313
COc1nn(-c2cnccn2)cc1C(=O)Nc1cccc(-c2nncn2[C@@H](C)C(F)(F)F)n1,7.236572
COc1nn(C)cc1C(=O)Nc1cccc(-c2nncn2[C@H](C)C(F)F)n1,6.844664
Cn1nc(C(F)(F)F)c2cc(C(=O)Nc3cccc(-c4nncn4C4CCCC4)c3)c(=O)[nH]c21,5.30103
O=C(Nc1cccc(-c2nncn2C2CC2)n1)c1cc(Br)cn(Cc2ccccc2F)c1=O,5.30103
CC(C)(O)c1ccc(C(=O)Nc2cn3cc(-n4ccnc4)ccc3n2)cc1,7.154902
CCc1cc(Nc2nccc(-c3c(-c4ccc(OC)c(C(=O)Nc5c(F)cccc5F)c4)nc4ccccn34)n2)c(OC)cc1N1CCC(N2CCN(S(C)(=O)=O)CC2)CC1,4.60206
CCCCOc1ccc(C2C(C(=O)c3ccc4c(c3)OCCO4)=C(O)C(=O)N2c2nc3ccc(Cl)cc3s2)cc1OCC,5.4436975
Cc1ccc(C(=O)C2=C(O)C(=O)N(c3nc4ccc(F)cc4s3)C2c2ccc(C(C)(C)C)cc2)o1,5.809668
Cn1cc(Br)c2cnc(NC(=O)c3ccc([C@@](C)(O)CO)cc3)cc21,7.69897
C[C@H](n1cnnc1-c1cccc(NC(=O)c2cccc3c2OCCN3C)n1)C(F)(F)F,6.7281585
COc1ncc(F)cc1C(=O)Nc1cccc(-c2nncn2[C@@H](C)C(F)(F)F)n1,7.60206
CC(C)n1cnnc1-c1ccc2[nH]nc(-c3ccc(N4CCOCC4)c(-n4cnc(C5CC5)c4)c3)c2c1,7.497573
O=C(O)CCCCCN1C(=O)/C(=C/c2ccc(-c3ccc(Br)cc3)o2)SC1=S,6.69897
O=C(O)CCCN1C(=O)/C(=C/c2ccc(-c3ccc(Br)cc3)o2)SC1=S,6.69897
Cc1cc(NC(=O)Nc2cccc(-c3nncn3C(C)C)n2)[nH]n1,6.8480177
C[C@H](CO)n1cnnc1-c1cccc(NC(=O)Nc2cnc3ccccc3n2)n1,6.943476
CC(C)n1cnnc1-c1cccc(NC(=O)c2cc3ccc(-c4cn[nH]c4)cc3[nH]2)n1,7.4259686
CC(C)c1cc(NC(=O)Nc2cccc(-c3nncn3C(C)C)n2)[nH]n1,6.405607
CC(C)n1cnnc1-c1cccc(NC(=O)Nc2cncc3ccccc23)n1,5.0
CC(C)n1cnnc1-c1cccc(NC(=O)Nc2cnc3ccccc3n2)n1,7.236572
Cc1ncn(-c2ccc3c(c2)C(=O)Nc2cccc(n2)-c2nncn2CCCCO3)c1C,7.0
CN1CCN(C(=O)C(C)(C)c2ccc(C(=O)Nc3cn4cc(-c5ccncc5)ccc4n3)cc2)CC1,5.0
CC(C)n1cnnc1-c1cccc(NC(=O)c2cc3c(cc2F)CCC(=O)N3)n1,7.7212462
C[C@H](n1cnnc1-c1nc(NC(=O)c2cc(-n3cnc(C4CC4)c3)c(N(C)C)cn2)cs1)C(F)(F)F,8.725842
C[C@H](n1cnnc1-c1nc(NC(=O)c2cc(-n3cnc(C4CC4)c3)c(N3CC(C)(O)C3)cn2)cs1)C(F)(F)F,8.772113
CN1CCN(c2cnc(C(=O)Nc3csc(-c4nncn4C4CC4)n3)cc2-n2cnc(C3CC3)c2)CC1,8.508638
CN1N=C(C(F)(F)F)C2C=C(C(=O)Nc3cccc(-c4nncn4C4CC4)c3)C(=O)NC21,5.5686364
CC(C)(O)c1ccc(C(=O)Nc2cc3c(cn2)c(Br)cn3CC2CC2)cc1,8.522879
CCn1cc(C)c2cnc(NC(=O)c3ccc(C(C)(C)O)cc3)cc21,7.69897
CCOC(C)n1cc(-c2ccc3cc(C(=O)Nc4cccc(-c5nncn5C(C)C)n4)[nH]c3c2)cn1,7.0404816
COc1cc2nccc(Oc3ccc(NC(=O)c4cn(C(C)C)c5ccccc5c4=O)cc3)c2cc1OC,8.045757
O=C1Nc2cccc(n2)-c2nncn2CCCCOc2ccccc21,7.958607
O=C1Nc2cccc(n2)-c2nncn2CCCCOc2ccc(F)cc21,7.7695513
O=C1Nc2cccc(n2)-c2nncn2CCCCOc2ccc(N3CC4(COC4)C3)cc21,7.552842
Cn1cc(-c2ccc3c(c2)C(=O)Nc2cccc(n2)-c2nncn2CCCCO3)cn1,7.60206
CC(C)(C(=O)O)c1ccc(C(=O)Nc2cn3cc(-c4ccsc4)ccc3n2)cc1,7.7212462
CC(C)n1cnnc1-c1ccc2[nH]nc(-c3cccc(-n4cnc(C5CC5)n4)c3)c2c1,7.4317985
c1cc(-c2n[nH]c3ccc(-c4nncn4C4CCCC4)cc23)cc(-n2cnc(C3CC3)c2)c1,7.266803
CC(C)n1cnnc1-c1cccc(NC(=O)c2cc3c(cc2F)C(C)(C)CC(=O)N3C)n1,7.2006593
CC(C)n1cnnc1-c1cccc(NC(=O)c2cc3c(cc2F)CCCC(=O)N3)n1,7.0655017
O=C(Nc1csc(-c2nncn2C2CC2)n1)c1cc(-n2cnc(C3CC3)c2)c(N2CCOCC2)cn1,8.841638
O=C(Nc1csc(-c2nncn2C2CC2)n1)c1cc(-n2cnc(C3CC3)c2)c(N2CCC(O)C2)cn1,8.522879
CC(C)n1cnnc1-c1cccc(NC(=O)Nc2ncnc3ccccc23)n1,7.1487417
CC(C)n1cnnc1-c1cccc(NC(=O)Nc2ncc3ccccc3n2)n1,7.1824346
CC(C)n1cnnc1-c1cccc(NC(=O)Nc2ccn[nH]2)n1,7.175874
CC(C)n1cnnc1-c1cccc(NC(=O)Nc2cnc3ccccn23)n1,5.0
CC(C)n1cnnc1-c1cccc(NC(=O)Nc2ccc(-c3cnn(C)c3)cn2)n1,7.192465
CCn1cc(C)c2cnc(NC(=O)c3ccc([C@@](C)(O)CO)cc3)cc21,7.7695513
Cn1c(Cl)c(Cl)c2cnc(NC(=O)c3ccc(C(C)(C)O)cc3)cc21,6.835647
COc1ccc(C(N)=O)cc1C(=O)Nc1cccc(-c2nncn2C(C)C)n1,9.0
CCn1cnc(NC(=O)c2ccoc2)c1,4.481486
O=C(O)CC(C(=O)O)N1C(=O)/C(=C/c2ccc(-c3ccc(Br)cc3)o2)SC1=S,5.552842
Cc1cc(F)c(C(=O)Nc2cccc(-c3nncn3[C@@H](C)C(F)(F)F)n2)cc1-n1cnc(C2CC2)c1,8.366531
[O-][n+]1ccc2c(-c3ccc(F)cc3Cl)ccnc2c1-c1c(Cl)cccc1Cl,5.0
CCCCCOc1ccc(C2C(C(=O)c3ccc4c(c3)OCCO4)=C(O)C(=O)N2c2nc3ccc(C)cc3s2)cc1,5.2839966
CCOc1ccc2nc(N3C(=O)C(O)=C(C(=O)c4ccc(C)cc4)C3c3ccc(C(C)(C)C)cc3)sc2c1,5.69897
CC(C)(C)c1ccc(C(=O)Nc2cn3c(ccc4ccccc43)n2)cc1,7.823909
CC(C)n1cnnc1-c1cccc(NC(=O)C2CN(c3ccccc3)CCO2)n1,6.8860564
CN(C)CCN1CCN(C(=O)c2cc(C(C)(C)C)sc2NC(=O)Nc2cccc(Cl)c2Cl)CCC1=O,4.5228786
CC(C)n1cnnc1-c1cccc(NC(=O)Nc2cccc(-c3cnn(C)c3)c2)n1,5.673664
CC(C)n1cnnc1-c1cccc(NC(=O)Nc2cc3ccccn3n2)n1,7.069051
CCCCOc1ccc(C2C(C(=O)c3ccc4c(c3)OCCO4)=C(O)C(=O)N2c2nc3ccc(Cl)cc3s2)cc1,5.2839966
c1cc(-c2n[nH]c3ccc(-c4nncn4C4CCC4)cc23)cc(-n2cnc(C3CC3)c2)c1,5.1381073
O=C(Nc1cccc(-c2n[nH]c3ccc(-c4nnc[nH]4)cc23)c1)c1ccc(C(F)(F)F)cc1,6.2740884
CC(C)n1cnnc1-c1ccc2[nH]nc(-c3cccc(-n4cnc(C5CC5)c4)c3)c2c1,7.2062097
COCCOc1ccc2c(c1)C(=O)N(c1cccc(-c3nncn3[C@H](C)CO)n1)C2,8.100016
CC(CF)n1cnnc1-c1cccc(N2Cc3ccccc3C2=O)n1,7.8999743
CC(C)n1cnnc1-c1cccc(NC(=O)C2CCCCO2)n1,6.5686364
COCn1cc(-c2cccc(-c3n[nH]c4ccc(-c5nncn5C(C)C)cc34)c2)cn1,7.5702477
CC(C)n1cnnc1-c1ccc2[nH]nc(-c3cccc(-c4cnn(C)c4)c3)c2c1,7.1965427
CC(C)n1cnnc1-c1ccc2[nH]nc(-c3cc(N4CCOCC4)cc(-n4cnc(C5CC5)c4)c3)c2c1,7.12436
Cc1cn(-c2ccc3c(c2)C(=O)Nc2cccc(n2)-c2nncn2CCCCO3)cn1,8.39794
CCn1cc(Cl)c2cnc(NC(=O)c3ccc([C@@](C)(O)CO)c(C)c3)cc21,7.387216
C[C@H]1CCCOc2ccccc2C(=O)Nc2cccc(n2)-c2nncn21,7.1366773
CC(C)(C)c1ccc(C(=O)Nc2cn3cc(-c4cccnc4)ccc3n2)cc1,7.6777806
Cc1ccc2nc(NC(=O)c3ccc(C(C)(C)C)cc3)cn2c1,7.6575775
CNC(=O)c1ccc(OC)c(C(=O)Nc2cccc(-c3nncn3C(C)C)n2)c1,8.619789
CC(C)n1cnnc1-c1cccc(NC(=O)c2cccc(C(N)=O)c2)n1,6.236572
Cn1c(Cl)c(Cl)c2cnc(NC(=O)c3ccc([C@@](C)(O)CO)cc3)cc21,6.91364
C[C@H](n1cnnc1-c1nc(NC(=O)c2cc(-n3cnc(C4CC4)c3)c(N3CCC3)cn2)cs1)C(F)(F)F,8.769551
CC(C)n1cnnc1-c1cccc(N2Cc3ccccc3C2=O)n1,7.8999743
COc1nn(-c2cccnn2)cc1C(=O)Nc1cccc(-c2nncn2[C@@H](C)C(F)(F)F)n1,7.30103
CC(=O)c1c(O)nc2cccc3c2c1-c1ccccc1C3=O,4.823909
Cn1c(=O)c(NCCO)c2c3c(cccc31)C(=O)c1ccccc1-2,4.60206
COc1nn(C)cc1C(=O)Nc1cccc(-c2cncn2C(C)C)n1,7.031517
COc1nn(-c2cccnc2)cc1C(=O)Nc1cccc(-c2nncn2C(C)C)n1,8.275724
COCCn1cc(C(=O)Nc2cccc(-c3nncn3C(C)C)n2)c(OC)n1,7.455932
Fc1ccc(Nc2ncc3ccccc3n2)cc1,5.0
Cn1cc(-c2ccc3nc(Nc4ccccc4)ncc3c2)cn1,5.0
CC(C)n1cnnc1-c1cccc(NC(=O)c2nc3ccccc3s2)n1,6.2958493
CCOc1ccc2nc(N3C(=O)C(O)=C(C(=O)c4cccs4)C3c3ccc(C)cc3)sc2c1,5.3565474
COc1ccc2nc(N3C(=O)C(O)=C(C(=O)c4ccco4)C3c3ccc(Cl)cc3)sc2c1,5.376751
COc1cc2nncc(Oc3ccc(NC(=O)c4cn(C(C)C)c5ccccc5c4=O)cc3)c2cc1OC,8.2218485
CC(C)n1cnnc1-c1ccc2[nH]nc(-c3cccc(NC(=O)c4ccc(C(F)(F)F)cc4)c3)c2c1,6.705534
CC(C)n1cnnc1-c1ccc2[nH]nc(-c3cccc(-c4cnn(C5CCOCC5)c4)c3)c2c1,7.3001623
CC(C)n1cnnc1-c1ccc2[nH]nc(-c3cccc(-c4cccnc4)c3)c2c1,6.5482135
COc1nn(C)cc1C(=O)Nc1cccc(-c2nncn2[C@@H]2CCOC2)n1,6.8894105
C[C@@H]1CCOc2cc(F)c(-c3cnn(CCN(C)C)c3)cc2C(=O)Nc2cccc(n2)-c2nncn2C1,8.09691
COc1nn(C)cc1C(=O)Nc1cccc(-c2nncn2[C@H](C)C(F)(F)F)n1,7.026872
C[C@@H]1CCOc2ccccc2C(=O)Nc2cccc(n2)-c2nncn2C1,7.853872
C[C@H]1CCCn2cnnc2-c2cccc(n2)NC(=O)c2ccccc2O1,6.013676
COc1cc(C)c(C(N)=O)cc1C(=O)Nc1cccc(-c2nncn2C(C)C)n1,9.376751
COc1cc(C)c(S(C)(=O)=O)cc1C(=O)Nc1cccc(-c2nncn2C(C)C)n1,8.39794
CC(CCO)n1cnnc1-c1cccc(N2Cc3ccccc3C2=O)n1,7.4000077
COc1nn(CC(F)(F)F)cc1C(=O)Nc1cccc(-c2nncn2[C@@H](C)C(F)(F)F)n1,8.522879
C[C@H](n1cnnc1-c1cccc(NC(=O)c2cccc3nccnc23)n1)C(F)(F)F,8.522879
COc1nn(C)cc1C(=O)Nc1cccc(-c2nncn2C(C)C)n1,8.2218485
CC(C)n1cnnc1-c1cccc(NC(=O)c2cc3c(cc2F)CCCC(=O)N3C)n1,6.7931743
COC(=O)c1ccc(/C=C2\SC(=S)N(c3ccc(O)c(C(=O)O)c3)C2=O)cc1,4.481486
O=C1/C(=C/c2ccc(-c3ccc(Br)cc3)o2)SC(=S)N1c1cccc(O)c1,5.69897
O=C1Nc2cccc(n2)-c2nncn2CCCCOc2cc(F)ccc21,8.09691
C[C@](O)(CO)c1ccc(C(=O)Nc2cc3c(ccn3C3CC3)cn2)cc1,7.161151
Cn1cc(Cl)c2cnc(NC(=O)c3ccc(C(C)(C)O)cc3)cc21,7.958607
Cn1cc(-c2ccc3nc(Nc4cccc(N(C(=O)C(C)(C)C)c5ccccc5)c4)ncc3c2)cn1,5.0
CCc1cc(NC(=O)Nc2cccc(-c3nncn3C(C)C)n2)[nH]n1,6.816161
CC(C)(CO)c1ccc(C(=O)Nc2cn3cc(-n4ccnc4)ccc3n2)cc1,7.49485
C[C@](O)(CO)c1ccc(C(=O)Nc2cc3c(cn2)c(Cl)cn3C2CC2)cc1,8.39794
CC(C)n1cnnc1-c1cccc(NC(=O)Nc2cnn(C)c2)n1,5.7307205
CC(C)n1cnnc1-c1cccc(NC(=O)Nc2ncc3[nH]cnc3n2)n1,7.4867826
CC(C)(C)C(=O)N(c1ccccc1)c1cccc(Nc2ncc3cc(-c4cn[nH]c4)ccc3n2)c1,5.0
CCNc1c2c3c(cccc3n(C)c1=O)C(=O)c1ccccc1-2,5.0
Cc1cc(NC(=O)Nc2cccc(-c3nncn3C(C)C)n2)n(C)n1,5.382685
C[C@H](CO)n1cnnc1-c1cccc(NC(=O)Nc2ncc3ccccc3n2)n1,7.091515
C[C@H](n1cnnc1-c1nc(NC(=O)c2cc(-n3cnc(C4CC4)c3)c(N3CCC(O)C3)cn2)cs1)C(F)(F)F,8.6575775
COc1ncncc1C(=O)Nc1cccc(-c2nncn2[C@@H](C)C(F)(F)F)n1,6.519993
CC(C)n1cnnc1-c1cccc(NC(=O)OCc2ccccc2)n1,5.8173003
O=C1/C(=C/c2ccc(-c3ccc(Cl)c(Cl)c3)o2)SC(=S)N1c1ccc(F)cc1,4.481486
CC(C(=O)O)N1C(=O)/C(=C/c2ccc(-c3ccc(Cl)c(Cl)c3)o2)SC1=S,6.1870866
Cn1c(=O)c(C(=O)c2ccccc2)c2c3c(cccc31)C(=O)c1ccccc1-2,4.481486
Cc1ccc2nc(NC(=O)c3ccc(C(C)(C)C)cc3)sc2c1,6.5850267
CC(=O)c1c2c3c(ccc(C)c3[nH]c1=O)C(=O)c1ccccc1-2,4.481486
CC(C)Oc1ccc2c(c1)C(=O)N(c1cccc(-c3nncn3[C@H](C)CO)n1)C2,8.299989
COc1ccc(C(=O)C2=C(O)C(=O)N(c3nc4ccc(F)cc4s3)C2c2cccc(F)c2)cc1,4.7695513
NCCNS(=O)(=O)c1ccc(-c2c[nH]c3ncccc23)s1,7.30103
CC(C)(C)c1ccc(C(=O)Nc2cn3cc(-c4cn[nH]c4)ccc3n2)cc1,8.20066
CC(C)CCOc1cccc(C2C(C(=O)c3ccc4c(c3)CC(C)O4)=C(O)C(=O)N2c2nc3ccc(F)cc3s2)c1,6.2839966
CCCCCOc1ccc(C2C(C(=O)c3ccc4c(c3)CC(C)O4)=C(O)C(=O)N2c2nc3ccc(F)cc3s2)cc1,6.124939
CC(C)(C)c1ccc(C2C(C(=O)c3ccc4c(c3)OCCO4)=C(O)C(=O)N2c2nc3ccc(Cl)cc3s2)cc1,5.60206
CC(C)n1cnnc1-c1ccc2[nH]nc(-c3cccc(C(N)=O)c3)c2c1,7.129596
Cc1ccc2nc(N3C(=O)C(O)=C(C(=O)c4ccc(F)cc4)C3c3ccc(Cl)cc3)sc2c1,5.537602
CCOc1ccc2nc(N3C(=O)C(O)=C(C(=O)c4ccccc4)C3c3ccc(C(C)(C)C)cc3)sc2c1,5.30103
CCOc1ccc(C2C(C(=O)c3cccs3)=C(O)C(=O)N2c2nc3ccc(C)cc3s2)cc1,5.0409584
Cc1cc(C)c2nc(N3C(=O)C(O)=C(C(=O)c4ccc(C)o4)C3c3ccc(C(C)C)cc3)sc2c1,5.69897
O=C(C1=C(O)C(=O)N(c2nc3ccc(F)cc3s2)C1c1cccc(Br)c1)c1ccco1,4.530178
CC(C)n1cnnc1-c1cccc(NC(=O)N(C)c2ccc3ccccc3n2)n1,6.496754
Cc1ccc(C(=O)C2=C(O)C(=O)N(c3nc4ccc(C)cc4s3)C2c2ccc(C(C)(C)C)cc2)cc1,5.3565474
N#Cc1c[nH]c2c(C(N)=O)ccc(OC3CCNCC3)c12,6.600326
CCCC(C(=O)O)N1C(=O)/C(=C/c2ccc(-c3ccc([N+](=O)[O-])cc3)o2)SC1=S,5.7447276
C[C@H](CO)n1cnnc1-c1cccc(NC(=O)Nc2ccc3ccccc3n2)n1,7.3242216
O=C(O)CCCCCN1C(=O)/C(=C/c2ccc(-c3ccccc3Cl)o2)SC1=S,6.30103
Brc1ccc2nc(Nc3ccccc3)ncc2c1,5.0
Fc1ccc(Nc2ncc3cc(Br)ccc3n2)cc1,5.0
CC(=O)Nc1cccc(Nc2ncc3cc(Br)ccc3n2)c1,5.0
Nc1cccc(Nc2ncc3cc(Br)ccc3n2)c1,5.0
Nc1cccc(Nc2ncc3cc(-c4cn[nH]c4)ccc3n2)c1,6.221849
CC(C)n1cnnc1-c1cccc(NC(=O)NCc2ccccc2)n1,5.1537867
CC(C)n1cnnc1-c1cccc(NC(=O)Nc2ccc(-c3cnn(C)c3)cc2)n1,6.6101255
COc1nn(CC2CC2)cc1C(=O)Nc1cccc(-c2nncn2C(C)C)n1,8.161151
Cc1ccc2nc(N3C(=O)C(O)=C(C(=O)c4ccco4)C3c3cccc(Br)c3)sc2c1,4.5086384
CC(C)n1cnnc1-c1cccc(NC(=O)Nc2ccncc2)n1,6.4721127
CC(C)n1cnnc1-c1ccc2[nH]nc(-c3cccc(C(=O)NC4CC4)c3)c2c1,6.567031
CCCOc1ccc(C2C(C(=O)c3ccc4c(c3)OCCO4)=C(O)C(=O)N2c2nc3ccc(Cl)cc3s2)cc1,5.30103
O=C(C1=C(O)C(=O)N(c2nc3ccc(F)cc3s2)C1c1cccc(Cl)c1)c1ccco1,4.549751
CC(C)n1cnnc1-c1cccc(NC(=O)c2ccn(C)n2)n1,7.537602
COc1nn(-c2cncc(C3CC3)c2)cc1C(=O)Nc1cccc(-c2nncn2C(C)C)n1,8.251812
CC(C)Oc1ccc2c(c1)C(=O)N(c1cccc(-c3nncn3C(C)C)n1)C2,7.7999706
CC(C)n1cnnc1-c1cccc(N2Cc3ccc(OC[C@@H]4CN(C)CCO4)cc3C2=O)n1,8.19997
C[C@H](n1cnnc1-c1cccc(NC(=O)c2cccc3cccnc23)n1)C(F)(F)F,8.69897
CC1(O)CCN(c2cnc(C(=O)Nc3csc(-c4nncn4C4CC4)n3)cc2-n2cnc(C3CC3)c2)CC1,8.60206
Cn1cc(Br)c2cnc(NC(=O)c3ccc(C(C)(C)O)cc3)cc21,8.0
CC(C)(N)C(=O)NCCn1ccc2ncnc(Nc3ccc(Oc4cccc5sncc45)c(Cl)c3)c21,5.0
C[C@](O)(CO)c1ccc(C(=O)Nc2cc3c(cn2)c(Br)cn3C2CC2)cc1,8.69897
CCn1cc(Br)c2cnc(NC(=O)c3ccc(C(C)(C)O)cc3)cc21,8.09691
O=C1Nc2cccc(n2)-c2nncn2C/C=C/COc2c(Br)cccc21,7.0
C[C@H](n1cnnc1-c1nc(NC(=O)c2cc(-n3cnc(C4CC4)c3)c(N3CCOCC3)cn2)cs1)C(F)(F)F,8.581698
COc1nn(-c2ccccn2)cc1C(=O)Nc1cccc(-c2nncn2C(C)C)n1,7.7695513
COc1nn(-c2ccncc2)cc1C(=O)Nc1cccc(-c2nncn2C(C)C)n1,6.8728952
COc1nn(-c2cncc(N(C)C)c2)cc1C(=O)Nc1cccc(-c2nncn2C(C)C)n1,8.721247
COc1nn(-c2cncnc2)cc1C(=O)Nc1cccc(-c2nncn2C(C)C)n1,7.1307683
CC(C)n1cnnc1-c1cccc(NC(=O)c2cc3cccc(-c4ccsc4)c3[nH]2)n1,6.814458
CC(C)n1cnnc1-c1cccc(NC(=O)c2cc3c(cc2F)C(C)(C)CC(=O)N3)n1,6.9914
CNCc1ccc2nc(NC(=O)c3ccc(C(C)(C)C)cc3)cn2c1,6.0604806
CC(C)(C)c1ccc(C(=O)Nc2cn3cc(F)ccc3n2)cc1,7.468521
CCn1cnc(NC(=O)c2cscn2)c1,4.481486
CC(C)(C)c1ccc(C(=O)Nc2cn3cc(CO)ccc3n2)cc1,6.8894105
COCCOc1ccc2c(c1)C(=O)N(c1cccc(-c3nncn3C(C)C)n1)C2,8.100016
O=C1c2ccccc2CN1c1cccc(-c2nncn2CC2CCO2)n1,6.099999
CC[C@H](C)n1cnnc1-c1cccc(N2Cc3ccccc3C2=O)n1,7.700057
CC[C@@H](C)n1cnnc1-c1cccc(N2Cc3ccccc3C2=O)n1,7.2999887
CN1C(=O)[C@@H](N2CCc3cn(Cc4ccccc4)nc3C2=O)COc2ccccc21,6.0
Nc1cccc(Nc2ncc3ccccc3n2)c1,5.0
Fc1ccc(Nc2[nH]cnc3ncnc2-3)cc1,5.0
CC(C)n1cnnc1-c1cccc(NC(=O)Nc2cnccn2)n1,7.0443125
CN[C@@H]1C[C@H]2O[C@@](C)([C@@H]1OC)n1c3ccccc3c3c4c(c5c6ccccc6n2c5c31)C(=O)NC4,9.161151
CC(C)n1cnnc1-c1cccc(NC(=O)Oc2ccccc2)n1,5.0
CC(C)n1cnnc1-c1cccc(NC(=O)c2cnn(C)c2)n1,5.1676826
O=C(O)CCN1C(=O)/C(=C/c2ccc(-c3ccc([N+](=O)[O-])cc3)o2)SC1=S,6.1870866
O=C1NC(=S)S/C1=C\c1ccc(-c2ccccc2[N+](=O)[O-])o1,4.481486
O=C1NC(=S)S/C1=C\c1cccc(Br)c1,4.481486
C[C@@H]1CN(c2cc(-c3n[nH]c4ccc(OC5(C)CC5)cc34)ncn2)C[C@H](C)O1,6.368556
CC(C)n1cnnc1-c1nc(C(=O)Nc2ccccn2)cs1,6.39794
CCn1cc(NC(=O)c2csc(-c3nncn3C(C)C)n2)cn1,6.221849
O=C(Nc1cccc(-c2nncn2C2CC2)n1)c1cc(-c2ccc3[nH]ccc3c2)cn(Cc2ccccc2F)c1=O,5.30103
COc1ccc(S(C)(=O)=O)cc1C(=O)Nc1cccc(-c2nncn2C(C)C)n1,6.853872
COc1cc(C)c(S(N)(=O)=O)cc1C(=O)Nc1cccc(-c2nncn2C(C)C)n1,10.0
CCn1cc(C(=O)Nc2cccc(-c3nncn3C(C)C)n2)c(OC)n1,7.6575775
O=C(O)CN1C(=O)/C(=C/c2ccc(-c3ccccc3F)o2)SC1=S,5.5228786
O=C(O)CCCN1C(=O)/C(=C/c2ccc(-c3cc(Cl)ccc3Cl)o2)SC1=S,6.455932
C[C@H]1CCCOc2nn(C)cc2C(=O)Nc2cccc(n2)-c2nncn21,8.167491
COCCn1cc(C(=O)Nc2cccc(-c3nncn3[C@@H](C)C(F)(F)F)n2)c(OC)n1,8.69897
CC(C)n1cnnc1-c1cccc(NC(=O)c2cccc(-c3ncc[nH]3)c2)n1,6.7695513
COc1ncc(C)cc1C(=O)Nc1cccc(-c2nncn2[C@@H](C)C(F)(F)F)n1,7.29243
COc1ccc(S(N)(=O)=O)cc1C(=O)Nc1cccc(-c2nncn2C(C)C)n1,8.823909
O=C(Nc1csc(-c2nncn2C2CC2)n1)c1cc(-n2cnc(C3CC3)c2)c(N2CCC2)cn1,8.619789
CC(C)(O)c1ccc(C(=O)Nc2cc3c(ccn3CC3CC3)cn2)cc1,7.091515
Cc1ccc(-n2nc(C(C)(C)C)cc2NC(=O)Nc2ccc(OCCN3CCOCC3)c3ccccc23)cc1,4.5228786
C[C@@H]1CCOc2cc(F)ccc2C(=O)Nc2cccc(n2)-c2nncn2C1,8.09691
O=C1Nc2cccc(n2)-c2nncn2CCCCOc2ccc(Br)cc21,7.5086384
C[C@@H]1CCCOc2ccccc2C(=O)Nc2cccc(n2)-c2nncn21,5.288024
CCS(=O)(=O)Nc1cccc(C(=O)Nc2cccc(-c3nncn3C(C)C)n2)c1,7.1366773
CCS(=O)(=O)Nc1ccc(OC)c(C(=O)Nc2cccc(-c3nncn3C(C)C)n2)c1,9.49485
CN(C)c1ccc(C(=O)Nc2cccc(NC(=O)COc3ccc4c(=O)ccoc4c3)c2)cc1,5.0
O=C1/C(=C/c2ccc(Cl)cc2Cl)SC(=S)N1Nc1ccccc1,4.481486
CCC(C(=O)O)N1C(=O)/C(=C/c2ccc(-c3ccc(Br)cc3)o2)SC1=S,6.30103
c1cc(-c2n[nH]c3ccc(-c4nncn4C4CCCCC4)cc23)cc(-n2cnc(C3CC3)c2)c1,6.6143937
CC(C)n1cnnc1-c1ccc2[nH]nc(-c3cccc(-c4ccnn4C)c3)c2c1,6.0680337
CC(=O)Nc1cccc2cc(C(=O)Nc3cccc(-c4nncn4C(C)C)n3)[nH]c12,6.619608
c1ccc(Nc2ncc3ccccc3n2)cc1,5.0
c1ccc(Nc2ncc3cc(-c4cn[nH]c4)ccc3n2)cc1,5.0
CC(=O)Nc1cccc(Nc2ncc3cc(-c4cn[nH]c4)ccc3n2)c1,6.69897
Cn1cc(-c2ccc3nc(Nc4cccc(N)c4)ncc3c2)cn1,5.0
NC1=NC(=O)/C(=C2\CCNC(=O)c3[nH]c(Br)cc32)N1,5.154902
COc1nn(C)cc1C(=O)Nc1cccc(-c2nncn2C(C)C(F)(F)F)n1,7.39794
CC(C)(C)c1ccc(C(=O)Nc2cn3cc(Br)ccc3n2)cc1,7.6777806
CCn1cc(Cl)c2cnc(NC(=O)c3ccc([C@@](C)(O)CO)cc3)cc21,7.79588
CC(CO)n1cnnc1-c1cccc(NC(=O)c2cc3c(cc2F)CCCC(=O)N3C)n1,6.69897
CC(C)(O)c1ccc(C(=O)Nc2cc3c(ccn3CS(C)(=O)=O)cn2)cc1,4.90497
CC(C)n1cnnc1-c1ccc2[nH]nc(-c3cccc(S(C)(=O)=O)c3)c2c1,6.134896
CCS(=O)(=O)Nc1cccc(-c2n[nH]c3ccc(-c4nncn4C(C)C)cc23)c1,7.703335
c1cc(-c2n[nH]c3ccc(-c4nncn4C4CC4)cc23)cc(-n2cnc(C3CC3)c2)c1,7.30103
CCOC(C)n1cc(-c2cncc(-c3n[nH]c4ccc(-c5nncn5C(C)C)cc34)c2)cn1,6.5575204
COc1ccc(C2C(C(=O)c3ccc(C)o3)=C(O)C(=O)N2c2nc3ccc(C)cc3s2)cc1OC,4.481486
O=C(C1=C(O)C(=O)N(c2nc3ccc(F)cc3s2)C1c1cccc(F)c1)c1ccco1,4.481486
CC(C)(CO)c1ccc(C(=O)Nc2cc3c(cn2)c(Cl)cn3C2CC2)cc1,7.79588
Cc1ccc2nc(N3C(=O)C(O)=C(C(=O)c4ccco4)C3c3ccc(Cl)cc3)sc2c1,4.519993
CCn1ccc2cnc(NC(=O)c3ccc([C@@](C)(O)CO)cc3)cc21,7.19382
O=C(Nc1cccc(-c2nncn2C2CC2)n1)c1cc2c(cc1F)OCc1cncn1-2,6.943095
CC(C)n1cnnc1-c1cccc(NC(=O)c2cc3cc(-c4cn[nH]c4)ccc3[nH]2)n1,7.500313
c1ccc(Nc2ncnc3[nH]cnc23)cc1,5.0
CC(=O)N[C@@H]1C[C@H](n2c3ccc(O)cc3c3c4c(c5c6ccccc6[nH]c5c32)CNC4=O)O[C@@H](C)[C@@H]1O,5.19382
CC(=O)N[C@@H]1C[C@H](n2c3ccccc3c3c4c(c5c6cc(O)ccc6[nH]c5c32)CNC4=O)O[C@@H](C)[C@@H]1O,4.481486
CC(C)(C(=O)NCCn1ccc2ncnc(Nc3ccc(Oc4cccc(Cl)c4)c(Cl)c3)c21)S(C)(=O)=O.Cc1ccc(S(=O)(=O)O)cc1,5.0
c1cc(-c2n[nH]c3ccc(-c4cn[nH]c4)cc23)cc(-n2cnc(C3CC3)c2)c1,6.5612993
CC(C)n1cnnc1-c1cccc(NC(=O)c2cc3ccccc3[nH]2)n1,7.383
O=C(O)CCCN1C(=O)/C(=C/c2ccc(-c3ccccc3Cl)o2)SC1=S,6.5228786
O=C(O)CCN1C(=O)/C(=C/c2ccc(-c3ccccc3Cl)o2)SC1=S,6.124939
CC(CC#N)n1cnnc1-c1cccc(N2Cc3ccccc3C2=O)n1,7.700057
C[C@H](CO)n1cnnc1-c1cccc(N2Cc3ccccc3C2=O)n1,8.0
C[C@H](n1cnnc1-c1nc(NC(=O)c2cc(-n3cnc(C4CC4)c3)c(N3CCCCC3)cn2)cs1)C(F)(F)F,9.1549015
C[C@H](n1cnnc1-c1nc(NC(=O)c2cc(-n3cnc(C4CC4)c3)c(N3CCN(C)CC3)cn2)cs1)C(F)(F)F,8.677781
CN[C@@H]1CC2OC([C@@H]1OC)n1c3ccccc3c3c4c(c5c6ccccc6n2c5c31)C(=O)NC4,8.20066
CC(C)n1cnnc1-c1cccc(NC(=O)c2cc3c(C(F)(F)F)nn(C)c3[nH]c2=O)c1,5.30103
Cn1nc(C(F)(F)F)c2cc(C(=O)Nc3cccc(-c4nncn4C4CCCCC4)c3)c(=O)[nH]c21,5.30103
CC(C)n1cnnc1-c1cccc(NC(=O)c2cc3c(cc2F)OC(C)(C)C(=O)N3)n1,7.309804
O=C(Nc1csc(-c2nncn2C2CC2)n1)c1cc(-n2cnc(C3CC3)c2)c(N2CCCCC2)cn1,8.69897
Cc1cnc(-c2cc(Cl)ccc2F)cc1-n1c(=O)n(CC(N)=O)c2cnccc21,5.30103
Cn1nc(C(F)(F)F)c2cc(C(=O)Nc3cccc(-c4nncn4C4CC4)n3)c(OCc3ccccc3F)nc21,5.8894105
O=C(Nc1cccc(-c2nncn2C2CC2)n1)c1cc(-c2cnn(C3CCC3)c2)cn(Cc2ccccc2F)c1=O,6.539102
CN1C(=O)[C@@H](N2CCc3c(nn(Cc4ccccc4)c3Br)C2=O)COc2ccccc21,6.0
COc1ccc(-n2cnc(C3CC3)c2)cc1-c1n[nH]c2ccc(-c3nncn3C(C)C)cc12,6.5686364
CC(C)(O)CC(=O)NCCn1ccc2ncnc(Nc3ccc(Oc4cccc(C(F)(F)F)c4)c(Cl)c3)c21,5.0
C[C@H]1O[C@@H]2C[C@](O)([C@H]1O)n1c3ccccc3c3c4c(c5c6cc(O)ccc6n2c5c31)C(=O)NC4,4.481486
CC(=O)N[C@H]1C[C@H]2O[C@@](C)([C@@H]1O)n1c3ccccc3c3c4c(c5c6ccccc6n2c5c31)C(=O)NC4,6.113509
COc1nn(-c2cnccn2)cc1C(=O)Nc1cccc(-c2nncn2C(C)C)n1,7.6777806
O=C(N[C@@H](COc1ccc2[nH]c(=O)[nH]c2c1)c1ccccc1)c1cccn(Cc2ccc(F)c(F)c2)c1=O,5.30103
Cc1cc(F)c(C(=O)Nc2cccc(-c3nncn3C(C)C)c2)cc1-n1cnc(C2CC2)c1,7.8894105
CCCCn1cnnc1-c1cccc(NC(=O)c2cc3c(C(F)(F)F)nn(C)c3[nH]c2=O)n1,6.009661
Cc1ccc(-c2ccc3c(ccc4sc5c(c43)NC[C@@H](C)NC5=O)n2)cn1,7.221849
CC(C)n1cnnc1-c1cccc(NC(=O)c2cc3cccnc3[nH]2)n1,6.902743
CC(C)n1cnnc1-c1cccc(NC(=O)c2cc3c(-c4cnn(C)c4)cccc3[nH]2)n1,7.707744
CC(C)n1cnnc1-c1cccc(NC(=O)c2cc3cccc(-c4cn[nH]c4)c3[nH]2)n1,7.4100504
O=C(O)CCCN1C(=O)/C(=C/c2ccc(-c3cccc(Cl)c3)o2)SC1=S,6.455932
O=C1NCc2c1c1c3ccccc3[nH]c1c1[nH]c3ccc(O)cc3c21,6.1307683
O=C1NCc2c1c1c3cc(O)ccc3[nH]c1c1[nH]c3ccccc3c21,5.5228786
CC(C)(C)NS(=O)(=O)c1cncc(-c2ccn3nc(N)nc3c2)c1,5.0
CC(C)n1cnnc1-c1cccc(NC(=O)C2CN(c3cccnc3)CCO2)n1,7.5086384
CC(CO)n1cnnc1-c1cccc(NC(=O)c2cc3c(cc2F)OCC(=O)N3)n1,6.8326826
Nc1nc(OCC2CCCCC2)c2nc[nH]c2n1,4.600326
O=C1NC(=S)S/C1=C\c1cccnc1,4.481486
C[C@@H]1O[C@@H]2C[C@](O)([C@H]1O)n1c3ccccc3c3c4c(c5c6cc(O)ccc6n2c5c31)C(=O)NC4,5.387216
O=C(O)CN1C(=O)/C(=C/c2ccco2)SC1=S,4.481486
CC(C)n1cnnc1-c1cccc(NC(=O)c2cc3c(cc2F)OCC(=O)N3C)n1,7.5850267
CC(=O)Nc1cccc(Nc2ncc3cc(-c4cccc(N)c4)ccc3n2)c1,5.0
CC(C)n1cnnc1-c1cccc(NC(=O)c2cc3c(cc2F)CCC(=O)N3C)n1,7.537602
CC(C)n1cnnc1-c1cccc(NC(=O)c2cc3c(cc2F)CCCC(=O)N3)c1,6.69897
O=C(O)CCN1C(=O)/C(=C/c2ccc(-c3cccc(Cl)c3)o2)SC1=S,6.0
c1nc(N2CCCCC2)c2nc[nH]c2n1,4.7695513
Cn1nc(C(F)(F)F)c2cc(C(=O)Nc3cccc(-c4nncn4C4CCCC4)n3)c(=O)[nH]c21,5.6615434
CCn1c(=O)c(C(=O)Nc2cccc(-c3nncn3C3CCCCC3)n2)cc2c(C(F)(F)F)nn(C)c21,5.8041005
Cn1nc(C(F)(F)F)c2cc(C(=O)Nc3cccc(-c4nncn4C4CCCC4)n3)c(OCc3ccccc3F)nc21,5.9914
O=C(Nc1cccc(-c2nncn2C2CC2)n1)c1cc(-c2cnn(C3CC3)c2)cn(Cc2ccccc2F)c1=O,8.761954
O=C(Nc1cccc(-c2nncn2C2CC2)n1)c1cc(-c2cccc3[nH]ccc23)cn(Cc2ccccc2F)c1=O,5.30103
O=C(Nc1cccc(-c2nncn2C2CC2)n1)c1cc(-c2ccc3scnc3c2)cn(Cc2ccccc2F)c1=O,5.30103
CCOC(=O)c1c(O)nc2cccc3c2c1-c1ccccc1C3=O,5.5228786
O=C(Nc1nc2cc(C(F)(F)F)cc(NC3CC3)n2n1)c1cccnc1,7.031517
CN1C(=O)[C@@H](N2CCc3cn(CC4CCS(=O)(=O)CC4)nc3C2=O)COc2ccccc21,6.0
O=C1/C(=C/c2ccco2)SC(=S)N1c1cccnc1,4.481486
CC(C)(C)c1ccc(C(=O)Nc2cn3cc(-n4ccnc4)ccc3n2)cc1.Cl.Cl,7.853872
COc1ccc(-c2ccc(/C=C3\SC(=S)N(CC(C)=O)C3=O)o2)cc1,5.60206
O=C(O)CCN1C(=O)/C(=C/c2ccc(-c3ccccc3F)o2)SC1=S,6.5228786
CCCC(C(=O)O)N1C(=O)/C(=C/c2ccc(-c3ccc(Cl)c(Cl)c3)o2)SC1=S,5.4089355
Cn1nc(C(F)(F)F)c2cc(C(=O)Nc3cccc(-c4nncn4C4CC4)n3)c(=O)[nH]c21,6.3107886
CC(C)n1cnnc1-c1cccc(NC(=O)c2cc3c(C(F)(F)F)nn(C)c3n(C)c2=O)c1,5.30103
O=C(Nc1cccc(-c2nncn2C2CC2)n1)c1cc(-c2cnn(C(F)F)c2)cn(Cc2ccccc2F)c1=O,6.536271
COC1NC(=O)c2c1c1c3ccccc3[nH]c1c1[nH]c3ccc(O)cc3c21,4.481486
CC(C)n1cnnc1-c1cccc(NC(=O)c2cc3c(C(F)(F)F)nn(C)c3[nH]c2=O)n1,5.5751185
Clc1cccc(Nc2ncnc3[nH]cnc23)c1,5.0
Cc1c(C(=O)N2CCOc3ccc(-c4ccc(N)nc4)cc3C2)ccc(S(C)(=O)=O)c1F,5.0
CC1=CC(=C(C=C1S(=O)(=O)N)C(=O)NC2=CC=CC(=N2)C3=NN=CN3C(C)C)OC,11.84698
CCS(=O)(=O)NC1=CC(=C(C=C1)OC)C(=O)NC2=CC=CC(=N2)C3=NN=CN3C(C)C,11.84698
CNC(=O)C1CCN(CC1)C2=CN=C(C=C2N3C=C(N=C3)C4CC4)C(=O)NC5=CSC(=N5)C6=NN=CN6C7CC7,11.84698
CC1=CC(=C(C=C1C(=O)N)C(=O)NC2=CC=CC(=N2)C3=NN=CN3C(C)C)OC,11.84698
CC12C(C(CC(O1)N3C4=CC=CC=C4C5=C6C(=C7C8=CC=CC=C8N2C7=C53)CNC6=O)NC)OC,11.84698
CC(C(F)(F)F)N1C=NN=C1C2=NC(=CS2)NC(=O)C3=NC=C(C(=C3)N4C=C(N=C4)C5CC5)N6CCCCC6,11.84698
C1CC1C2=CN(C=N2)C3=CC(=NC=C3N4CC(C4)C#N)C(=O)NC5=CSC(=N5)C6=NN=CN6C7CC7,11.84698
CC(C)N1C=NN=C1C2=NC(=CC=C2)NC(=O)C3=C(C=CC(=C3)C(=O)N)OC,11.84698
CC(C)N1C=NN=C1C2=NC(=CC=C2)NC(=O)C3CN(CCO3)C4=CN=C(C=C4)C5CC5,11.84698
CN1C=C(C(=N1)OC)C(=O)NC2=CC=CC(=N2)C3=NN=CN3C4(CC4)C(F)(F)F,11.84698
C1CC1C2=CN(C=N2)C3=CC(=NC=C3N4CC5CC5C4)C(=O)NC6=CSC(=N6)C7=NN=CN7C8CC8,11.84698
CC(C(F)(F)F)N1C=NN=C1C2=NC(=CS2)NC(=O)C3=NC=C(C(=C3)N4C=C(N=C4)C5CC5)N6CCN(CC6)CC(F)(F)F,11.84698
CC(C(F)(F)F)N1C=NN=C1C2=NC(=CS2)NC(=O)C3=NC=C(C(=C3)N4C=C(N=C4)C5CC5)N6CC(C6)(C)C#N,11.84698
CC(C)N1C=NN=C1C2=NC(=CC=C2)NC(=O)C3=C(C=CC(=C3)S(=O)(=O)N)OC,11.823908
CC(C(F)(F)F)N1C=NN=C1C2=NC(=CS2)NC(=O)C3=NC=C(C(=C3)N4C=C(N=C4)C5CC5)N6CCC(CC6)C(F)(F)F,11.823908
CC(C(F)(F)F)N1C=NN=C1C2=NC(=CS2)NC(=O)C3=NC=C(C(=C3)N4C=C(N=C4)C5CC5)N6CCC(CC6)F,11.76955
CC(C(F)(F)F)N1C=NN=C1C2=NC(=CS2)NC(=O)C3=NC=C(C(=C3)N4C=C(N=C4)C5CC5)N6CC(C6)C(F)F,11.76955
CC(C(F)(F)F)N1C=NN=C1C2=NC(=CS2)NC(=O)C3=NC=C(C(=C3)N4C=C(N=C4)C5CC5)N6CCC(CC6)C#N,11.76955
CC(C(F)(F)F)N1C=NN=C1C2=NC(=CS2)NC(=O)C3=NC=C(C(=C3)N4C=C(N=C4)C5CC5)N6CCN(CC6)CC7CC7,11.744727
CC1(CN(C1)C2=CN=C(C=C2N3C=C(N=C3)C4CC4)C(=O)NC5=CSC(=N5)C6=NN=CN6C7CC7)OC,11.744727
CC(C(F)(F)F)N1C=NN=C1C2=NC(=CS2)NC(=O)C3=NC=C(C(=C3)N4C=C(N=C4)C5CC5)N6CCN(CC6)C7CC7,11.744727
CC(C(F)(F)F)N1C=NN=C1C2=NC(=CS2)N(C(=O)C3=CC=CC=N3)N4CC5CCCN5C(C4)N6C=C(N=C6)C7CC7,11.744727
CC(C)N1C=NN=C1C2=NC(=CC=C2)NC(=O)C3=CN(N=C3OC)C4=CC(=CN=C4)N(C)C,11.721246
CC1(CN(C1)C2=CN=C(C=C2N3C=C(N=C3)C4CC4)C(=O)NC5=CSC(=N5)C6=NN=CN6C7CC7)C#N,11.721246
CC(C(F)(F)F)N1C=NN=C1C2=NC(=CS2)NC(=O)C3=NC=C(C(=C3)N4C=C(N=C4)C5CC5)N6CCCOCC6,11.721246
CC(C(F)(F)F)N1C=NN=C1C2=NC(=CS2)NC(=O)C3=NC=C(C(=C3)N4C=C(N=C4)C5CC5)N6CCC(C6)OC,11.721246
CC(C(F)(F)F)N1C=NN=C1C2=NC(=CS2)NC(=O)C3=NC=C(C(=C3)N4C=C(N=C4)C5CC5)N6CC(C6)N7CCOCC7,11.721246
C1CC1C2=CN(C=N2)C3=CC(=NC=C3N4CCC5(CC4)COC5)C(=O)NC6=CSC(=N6)C7=NN=CN7C8CC8,11.721246
CC1=CC(=C(C=C1N2C=C(N=C2)C3CC3)C(=O)NC4=CC=CC(=N4)C5=NN=CN5C(C)C)F,11.69897
CC(C)N1C=NN=C1C2=NC(=CC=C2)NC(=O)C3CN(CCO3)C,11.69897
CC(C(F)(F)F)N1C=NN=C1C2=NC(=CC=C2)NC(=O)C3=CC=CC4=C3N=CC=C4,11.69897
CCN1C=C(C(=N1)OC)C(=O)NC2=CC=CC(=N2)C3=NN=CN3C(C)C(F)(F)F,11.69897
CC(C(F)(F)F)N1C=NN=C1C2=NC(=CC=C2)NC(=O)C3=CN(N=C3OC)CCOC,11.69897
CC(C(F)(F)F)N1C=NN=C1C2=NC(=CC=C2)NC(=O)C3=CN(N=C3OC)CC4CC4,11.69897
CC(C(F)(F)F)N1C=NN=C1C2=NC(=CS2)NC(=O)C3=NC=C(C(=C3)N4C=C(N=C4)C5CC5)N6CC(C6)COC,11.69897
CC(C(F)(F)F)N1C=NN=C1C2=NC(=CS2)NC(=O)C3=NC=C(C(=C3)N4C=C(N=C4)C5CC5)N6CC(C6)(C)OC,11.69897
CC(C(F)(F)F)N1C=NN=C1C2=NC(=CS2)NC(=O)C3=NC=C(C(=C3)N4C=C(N=C4)C5CC5)N6CCC(C6)(F)F,11.67778
CC(C(F)(F)F)N1C=NN=C1C2=NC(=CS2)NC(=O)C3=NC=C(C(=C3)N4C=C(N=C4)C5CC5)N6CCC7(CC6)COC7,11.67778
CC(C(F)(F)F)N1C=NN=C1C2=NC(=CS2)NC(=O)C3=NC=C(C(=C3)N4C=C(N=C4)C5CC5)N6CC7CC7C6,11.657577
C1CC1C2=CN(C=N2)C3=CC(=NC=C3N4CC(C4)C(F)F)C(=O)NC5=CSC(=N5)C6=NN=CN6C7CC7,11.657577
C1CC1C2=CN(C=N2)C3=CC(=NC=C3N4CCC(CC4)C#N)C(=O)NC5=CSC(=N5)C6=NN=CN6C7CC7,11.657577
CC(C(F)(F)F)N1C=NN=C1C2=NC(=CS2)NC(=O)C3=NC=C(C(=C3)N4C=C(N=C4)C5CC5)N6CCC(CC6)(C)OC,11.657577
C1CC1C2=CN(C=N2)C3=CC(=NC=C3N4CC(C4)N5CCOCC5)C(=O)NC6=CSC(=N6)C7=NN=CN7C8CC8,11.638271
CC(C(F)(F)F)N1C=NN=C1C2=NC(=CS2)NC(=O)C3=NC=C(C(=C3)N4C=C(N=C4)C5CC5)N6CCN7C(C6)COC7=O,11.638271
CC(C(F)(F)F)N1C=NN=C1C2=NC(=CS2)NC(=O)C3=NC=C(C(=C3)N4C=C(N=C4)C5CC5)N6CCC(CC6)C(=O)NC,11.638271
CC(C(F)(F)F)N1C=NN=C1C2=NC(=CS2)NC(=O)C3=NC=C(C(=C3)N4C=C(N=C4)C5CC5)N6CCC(CC6)OC,11.638271
CC(C)N1C=NN=C1C2=NC(=CC=C2)NC(=O)C3=C(C=CC(=C3)C(=O)NC)OC,11.619788
CC(C)N1C=NC=C1C2=NC(=CC=C2)NC(=O)C3=CN(N=C3OC)C,11.619788
CC(C(F)(F)F)N1C=NN=C1C2=NC(=CS2)NC(=O)C3=NC=C(C(=C3)N4C=C(N=C4)C5CC5)N6CC7CN(CC7C6)C,11.619788
C1CC1CN2CCN(CC2)C3=CN=C(C=C3N4C=C(N=C4)C5CC5)C(=O)NC6=CSC(=N6)C7=NN=CN7C8CC8,11.602059
C1CC1C2=CN(C=N2)C3=CC(=NC=C3N4CCC(CC4)F)C(=O)NC5=CSC(=N5)C6=NN=CN6C7CC7,11.602059
CC(C(F)(F)F)N1C=NN=C1C2=NC(=CS2)NC(=O)C3=NC=C(C(=C3)N4C=C(N=C4)C5CC5)N6CC7(C6)CCOCC7,11.585027
C1CC2CN(CCN2C1)C3=CN=C(C=C3N4C=C(N=C4)C5CC5)C(=O)NC6=CSC(=N6)C7=NN=CN7C8CC8,11.568636
C1CC1C2=CN(C=N2)C3=CC(=NC=C3N4CCN5C(C4)COC5=O)C(=O)NC6=CSC(=N6)C7=NN=CN7C8CC8,11.568636
COC1CCN(C1)C2=CN=C(C=C2N3C=C(N=C3)C4CC4)C(=O)NC5=CSC(=N5)C6=NN=CN6C7CC7,11.552841
C1CC1C2=CN(C=N2)C3=CC(=NC=C3N4CCN(CC4)C5CC5)C(=O)NC6=CSC(=N6)C7=NN=CN7C8CC8,11.552841
C1CC1C2=CN(C=N2)C3=CC(=NC=C3N4CC(C4)(F)F)C(=O)NC5=CSC(=N5)C6=NN=CN6C7CC7,11.552841
C1CC1C2=CN(C=N2)C3=CC(=NC=C3)C(=O)NC4=CC=CC(=C4)C5=NN=CN5C6CC6,11.542118
C1CC1C2=CN(C=N2)C3=CC(=NC=C3N4CCN(CC4)CC(F)(F)F)C(=O)NC5=CSC(=N5)C6=NN=CN6C7CC7,11.537601
CC(C(F)(F)F)N1C=NN=C1C2=NC(=CC=C2)NC(=O)C3=CN(N=C3OC)C,11.522879
CC(C(F)(F)F)N1C=NN=C1C2=NC(=CC=C2)NC(=O)C3=CN(N=C3OC)CC(F)(F)F,11.522879
CC1=CC(=C(N=C1)OC)C(=O)NC2=CC=CC(=N2)C3=NN=CN3C(C)C(F)(F)F,11.522879
CC(C(F)(F)F)N1C=NN=C1C2=NC(=CC=C2)NC(=O)C3=CN(N=C3OC)C4=NC=CN=C4,11.522879
CC(C(F)(F)F)N1C=NN=C1C2=NC(=CC=C2)NC(=O)C3=CC=CC=C3OC,11.522879
CC(C(F)(F)F)N1C=NN=C1C2=NC(=CC=C2)NC(=O)C3=CN(N=C3OC)C4=NN=CC=C4,11.522879
CC(C(F)(F)F)N1C=NN=C1C2=NC(=CC=C2)NC(=O)C3=C4C(=CC=C3)N=CC=N4,11.522879
C1CC1C2=CN(C=N2)C3=CC(=NC=C3N4CCC(CC4)C(F)(F)F)C(=O)NC5=CSC(=N5)C6=NN=CN6C7CC7,11.49485
COC1CCN(CC1)C2=CN=C(C=C2N3C=C(N=C3)C4CC4)C(=O)NC5=CSC(=N5)C6=NN=CN6C7CC7,11.49485
C1CN(CCOC1)C2=CN=C(C=C2N3C=C(N=C3)C4CC4)C(=O)NC5=CSC(=N5)C6=NN=CN6C7CC7,11.420217
CC(C)N1C=NN=C1C2=NC(=CC=C2)NC(=O)C3=CN(N=C3OC)C,11.408936
CC1=CC(=C(C=C1S(=O)(=O)C)C(=O)NC2=CC=CC(=N2)C3=NN=CN3C(C)C)OC,11.39794
CC1=CN(C=N1)C2=CC3=C(C=C2)OCCCCN4C=NN=C4C5=NC(=CC=C5)NC3=O,11.39794
CC1CCCOC2=CC=CC=C2C(=O)NC3=CC=CC(=N3)C4=NN=CN14,11.39794
CCN1C=C(C(=N1)OC)C(=O)NC2=CC=CC(=N2)C3=NN=CN3C(C)C,11.387216
CC1=CC(=C(C=C1N2C=C(N=C2)C3CC3)C(=O)NC4=CC=CC(=N4)C5=NN=CN5C(C)C(F)(F)F)F,11.366531
C1CC1C2=CN(C=N2)C3=CC(=NC=C3N4CC5(C4)CCOCC5)C(=O)NC6=CSC(=N6)C7=NN=CN7C8CC8,11.346787
CC(C)N1C=NN=C1C2=NC(=CC=C2)NC(=O)C3=C(C=CC(=C3)S(=O)(=O)C)OC,11.30103
CN1C=C(C=N1)C2=CC3=C(C=C2)OCCCCN4C=NN=C4C5=NC(=CC=C5)NC3=O,11.30103
CN1C=C(C(=N1)OC)C(=O)NC2=CC=CC(=N2)C3=NN=CN3C4CCOC4,11.30103
CN1C=C(C(=N1)OC)C(=O)NC2=CC=CC(=N2)C3=NN=CN3C4CCC4(F)F,11.30103
CC(C)OC1=CC2=C(CN(C2=O)C3=CC=CC(=N3)C4=NN=CN4C(C)CO)C=C1,11.299989
CC(C)N1C=NN=C1C2=NC(=CC=C2)NC(=O)C3=CN(N=C3OC)C4=CN=CC=C4,11.275724
CC(C)N1C=NN=C1C2=NC(=CC=C2)NC(=O)C3=CC4=CC=CC=C4C=N3,11.259637
CC(C)N1C=NN=C1C2=NC(=CC=C2)NC(=O)C3=NC=C4C=CC(=CC4=C3)Br,11.259637
CC(C)N1C=NN=C1C2=NC(=CC=C2)NC(=O)C3=NC=C4C=CC(=CC4=C3)N5CCCCC5,11.259637
CC(C)N1C=NN=C1C2=NC(=CC=C2)NC(=O)C3=NC=C4C=CC(=CC4=C3)N5C=C(N=C5)C6CC6,11.259637
CC(C)N1C=NN=C1C2=NC(=CC=C2)NC(=O)C3=CN(N=C3OC)C4=CN=CC(=C4)C5CC5,11.251812
CN(C)CCN1C=C(C=N1)C2=CC3=C(C=C2)OCCCCN4C=NN=C4C5=NC(=CC=C5)NC3=O,11.2218485
CC(C)N1C=C(C(=O)C2=CC=CC=C21)C(=O)NC3=CC=C(C=C3)OC4=CN=NC5=CC(=C(C=C54)OC)OC,11.2218485
CC(C(F)F)N1C=NN=C1C2=NC(=CC=C2)NC(=O)C3=CN(N=C3OC)C,11.2218485
CC(C)N1C=C(C(=O)C2=CC=CC=C21)C(=O)NC3=CC=C(C=C3)OC4=C5C=C(C(=CC5=NC=C4)OC)OC,11.2218485
CC(C)(C)C1=CC=C(C=C1)C(=O)NC2=CN3C=C(C=CC3=N2)C4=CNN=C4,11.20066
CC(C)N1C=NN=C1C2=NC(=CC=C2)N3CC4=C(C3=O)C=C(C=C4)OCC5CN(CCO5)C,11.19997
CC1CCCOC2=NN(C=C2C(=O)NC3=CC=CC(=N3)C4=NN=CN14)C,11.167491
CC(C)N1C=NN=C1C2=NC(=CC=C2)NC(=O)C3=CN(N=C3OC)CC4CC4,11.161151
CC1CCCOC2=C(C=CC(=C2)F)C(=O)NC3=CC=CC(=N3)C4=NN=CN14,11.1549015
CC(C(F)(F)F)N1C=NN=C1C2=NC(=CC=C2)NC(=O)C3=C(N=CC=C3)OC,11.1549015
CC(C(F)(F)F)N1C=NN=C1C2=NC(=CC=C2)NC(=O)C3=C4C(=CC=C3)N(CCO4)C,11.1549015
CC(CO)N1C=NN=C1C2=NC(=CC=C2)NC(=O)C3=CN(N=C3OC)C,11.1549015
CC(C(F)(F)F)N1C=NN=C1C2=NC(=CC=C2)NC(=O)C3=C(N=CC(=C3)F)OC,11.1549015
CC(C)N1C=NN=C1C2=NC(=CC=C2)NC(=O)C3=CN(N=C3OC)CCOC,11.136677
C1=CC=C(C=C1)C(CN)OC2=CC(=C(N=C2)C3=COC=C3)C4=CNC5=C4C=CC=N5,11.102373
CC(C)N1C=NN=C1C2=NC(=CC=C2)N3CC4=C(C3=O)C=C(C=C4)OCCOC,11.100016
CC(CO)N1C=NN=C1C2=NC(=CC=C2)N3CC4=C(C3=O)C=C(C=C4)OCCOC,11.100016
C1CCOC2=C(C=C(C=C2)N3CCOCC3)C(=O)NC4=CC=CC(=N4)C5=NN=CN5C1,11.0969095
CC1CCOC2=C(C=C(C(=C2)F)C3=CN(N=C3)CCN(C)C)C(=O)NC4=CC=CC(=N4)C5=NN=CN5C1,11.0969095
C1CCOC2=C(C=CC(=C2)F)C(=O)NC3=CC=CC(=N3)C4=NN=CN4C1,11.0969095
CC1CCOC2=C(C=CC(=C2)F)C(=O)NC3=CC=CC(=N3)C4=NN=CN4C1,11.0969095
CS(=O)(=O)C1=CC2=C(C=C1)OCCCCN3C=NN=C3C4=NC(=CC=C4)NC2=O,11.0969095
CC(CO)N1C=NN=C1C2=NC(=CC=C2)N3CC4=CC=CC=C4C3=O,11.0
C1CCOC2=CC=CC=C2C(=O)NC3=CC=CC(=N3)C4=NN=CN4C1,10.958608
CC(C)N1C=NN=C1C2=NC(=CC=C2)N3CC4=CC=CC=C4C3=O,10.899974
CC(CF)N1C=NN=C1C2=NC(=CC=C2)N3CC4=CC=CC=C4C3=O,10.899974
CC1CCN2C=NN=C2C3=NC(=CC=C3)NC(=O)C4=CC=CC=C4OC1,10.886057
C1CC1NC2=CC(=CC3=NC(=NN23)NC(=O)C4=CN=CC=C4)C(F)(F)F,10.886057
CC(C)(C)C1=CC=C(C=C1)C(=O)NC2=CN3C=C(C=CC3=N2)N4C=CN=C4,10.853872
CC1CCOC2=CC=CC=C2C(=O)NC3=CC=CC(=N3)C4=NN=CN4C1,10.853872
CC1(CCN(CC1)C2=CN=C(C=C2N3C=C(N=C3)C4CC4)C(=O)NC5=CSC(=N5)C6=NN=CN6C7CC7)OC,10.847712
CC(C)(C)C1=CC=C(C=C1)C(=O)NC2=CN3C(=N2)C=CC4=CC=CC=C43,10.823909
CC(C)N1C=NN=C1C2=NC(=CC=C2)N3CC4=C(C3=O)C=C(C=C4)OC(C)C,10.799971
CC(C)(C)C1=CC=C(C=C1)C(=O)NC2=CN3C=C(C=CC3=N2)Cl,10.79588
CC(C)N1C=NN=C1C2=NC(=CC=C2)NC(=O)C3=CN(N=C3OC)C4=CN=CN=C4,10.79588
C1CCOC2=C(C=C(C=C2)F)C(=O)NC3=CC=CC(=N3)C4=NN=CN4C1,10.769551
CC(C)N1C=NN=C1C2=NC(=CC=C2)NC(=O)C3=CN(N=C3OC)C4=CC=CC=N4,10.769551
CC(C(F)(F)F)N1C=NN=C1C2=NC(=CC=C2)NC(=O)C3=CN=CN=C3OC,10.769551
CC(C(F)(F)F)N1C=NN=C1C2=NC(=CC=C2)NC(=O)C3=CC=CN(C3=O)C,10.744727
CC(C)(C1=CC=C(C=C1)C(=O)NC2=CN3C=C(C=CC3=N2)C4=CSC=C4)C(=O)O,10.721247
CC(C)N1C=NN=C1C2=NC(=CC=C2)NC(=O)C3=CC4=C(C=CC=C4N3)C5=CN(N=C5)C,10.707744
CCS(=O)(=O)NC1=CC=CC(=C1)C2=NNC3=C2C=C(C=C3)C4=NN=CN4C(C)C,10.703335
CC(CC#N)N1C=NN=C1C2=NC(=CC=C2)N3CC4=CC=CC=C4C3=O,10.700057
CCC(C)N1C=NN=C1C2=NC(=CC=C2)N3CC4=CC=CC=C4C3=O,10.700057
C1CCN2C=NN=C2C3=NC(=CC=C3)NC(=O)C4=CC=CC=C4OCC1,10.69897
CN1C=C(C(=N1)OC)C(=O)NC2=CC=CC(=N2)C3=NN=CN3C4CC(C4)(F)F,10.69897
CC(C)(C)C1=CC=C(C=C1)C(=O)NC2=CN3C=C(C=CC3=N2)C4=CN=CC=C4,10.677781
CC(C)(C)C1=CC=C(C=C1)C(=O)NC2=CN3C=C(C=CC3=N2)Br,10.677781
CC(C)N1C=NN=C1C2=NC(=CC=C2)NC(=O)C3=CN(N=C3OC)C4=NC=CN=C4,10.677781
CC1=CN2C=C(N=C2C=C1)NC(=O)C3=CC=C(C=C3)C(C)(C)C,10.6575775
CC(C)N1C=NN=C1C2=NC(=CC=C2)NC(=O)C3=CC4=C(N3)C(=CC=C4)C5=CC=NC=C5,10.636388
CC(C)N1C=NN=C1C2=CC3=C(C=C2)NN=C3C4=CC=CC(=C4)C5=CN(N=C5)COC,10.570248
C1CCOC2=C(C=C(C=C2)N3CC4(C3)COC4)C(=O)NC5=CC=CC(=N5)C6=NN=CN6C1,10.552842
CC(C)N1C=NN=C1C2=NC(=CC=C2)NC(=O)C3=NN(C=C3)C,10.537602
CCOC(C)N1C=C(C=N1)C2=CC(=CC=C2)C3=NNC4=C3C=C(C=C4)C5=NN=CN5C(C)C,10.524329
CC(C)(C)C1=CC=C(C=C1)C(=O)NC2=CN3C=C(C=CC3=N2)N4C=CC=C4,10.522879
C1CCOC2=C(C=C(C=C2)Br)C(=O)NC3=CC=CC(=N3)C4=NN=CN4C1,10.508638
CC(C)N1C=NN=C1C2=NC(=CC=C2)NC(=O)C3CN(CCO3)C4=CN=CC=C4,10.508638
CC(COC)N1C=NN=C1C2=NC(=CC=C2)NC(=O)C3=CN(N=C3OC)C,10.508638
CC(C)N1C=NN=C1C2=NC(=CC=C2)NC(=O)C3=CC4=C(N3)C=CC(=C4)C5=CNN=C5,10.500313
CC(C)N1C=NN=C1C2=CC3=C(C=C2)NN=C3C4=CC(=C(C=C4)N5CCOCC5)N6C=C(N=C6)C7CC7,10.497573
CC(C)(CO)C1=CC=C(C=C1)C(=O)NC2=CN3C=C(C=CC3=N2)N4C=CN=C4,10.49485
CC(C)N1C=NN=C1C2=NC(=CC=C2)NC(=O)NC3=NC=C4C(=N3)N=CN4,10.486782
CC1=CC2=C(C=C1)C=C(N2)C(=O)NC3=CC=CC(=N3)C4=NN=CN4C(C)C,10.484126
CC(CO)N1C=NN=C1C2=NC(=CC=C2)NC(=O)NC3=NN4C=CC=CC4=C3,10.471084
CC(C)(C)C1=CC=C(C=C1)C(=O)NC2=CN3C=C(C=CC3=N2)F,10.468521
CC(C)N1C=NN=C1C2=CC3=C(C=C2)NN=C3C4=CC(=CC=C4)N5C=NC(=N5)C6CC6,10.431798
CC(C)N1C=NN=C1C2=NC(=CC=C2)NC(=O)C3=CC4=C(N3)C=C(C=C4)C5=CNN=C5,10.425969
CC(CO)N1C=NN=C1C2=NC(=CC=C2)NC(=O)NC3=NC=CC4=CC=CC=C43,10.421361
CC(C)N1C=NN=C1C2=NC(=CC=C2)NC(=O)C3=CC4=C(N3)C(=CC=C4)C5=CNN=C5,10.41005
CC(CCO)N1C=NN=C1C2=NC(=CC=C2)N3CC4=CC=CC=C4C3=O,10.400008
CC(C)N1C=NN=C1C2=NC(=CC=C2)NC(=O)C3=CC4=CC=CC=C4N3,10.382999
CC(C)N1C=NN=C1C2=NC(=CC=C2)NC(=O)NC3=CC=CC=N3,10.362511
CC(CO)N1C=NN=C1C2=NC(=CC=C2)NC(=O)NC3=NC4=CC=CC=C4C=C3,10.324222
CC(C)N1C=NN=C1C2=NC(=CC=C2)NC(=O)NC3=NC=CC4=CC=CC=C43,10.314259
CC(C)N1C=NN=C1C2=CC3=C(C=C2)NN=C3C4=CC(=CC(=C4)OC)N5C=C(N=C5)C6CC6,10.313364
C1=CC2=C(NC=C2C3=CC=C(S3)S(=O)(=O)NCCN)N=C1,10.30103
C1CC1C2=CN(C=N2)C3=CC=CC(=C3)C4=NNC5=C4C=C(C=C5)C6=NN=CN6C7CC7,10.30103
CC(C)N1C=NN=C1C2=CC3=C(C=C2)NN=C3C4=CC=CC(=C4)C5=CN(N=C5)C6CCOCC6,10.300162
CC1=CC(=C(C=C1)C(=O)NC2=CC=CC(=N2)C3=NN=CN3C(C)C)F,10.299989
CC(C)N1C=NN=C1C2=NC(=CC=C2)NC(=O)NC3=CC4=CC=CC=C4C=N3,10.29585
C1CCC(C1)N2C=NN=C2C3=CC4=C(C=C3)NN=C4C5=CC(=CC=C5)N6C=C(N=C6)C7CC7,10.266803
CC(C)N1C=NN=C1C2=NC(=CC=C2)NC(=O)C3=CC4=C(N3)C=C(C=C4)OC,10.265201
CC(C)NC1=NC2=C(C=CC(=C2)C(=O)NC3=CC=CC(=N3)C4=NN=CN4C(C)C)N=C1OC(C)C,10.259637
CCN1C(=CC=N1)C2=CC3=CC(=NC=C3C=C2)C(=O)NC4=CC=CC(=N4)C5=NN=CN5C(C)C,10.259637
CC(C)N1C=NN=C1C2=NC(=CC=C2)NC(=O)C3=CC4=C(C=C3)C=CC(=N4)N5CCCC5CCCOC,10.259637
CC(C)NC1=NC2=C(C=C(C(=C2)C(=O)NC3=CC=CC(=N3)C4=NN=CN4C(C)C)F)N=C1OC(C)C,10.259637
CC(C)N1C=NN=C1C2=NC(=CC=C2)NC(=O)C3=CC4=C(C=C3)C=CC(=N4)N5CCCCC5,10.259637
CC(C)N1C=NN=C1C2=NC(=CC=C2)NC(=O)C3=CC4=C(C=C3F)N=C(C(=N4)N5CCCCC5)OC,10.259637
CC(C)N1C=NN=C1C2=NC(=CC=C2)NC(=O)C3=CC4=C(C=C3)C=CC(=N4)NCCOC,10.259637
CC(C)N1C=NN=C1C2=NC(=CC=C2)NC(=O)C3=CC4=NC=C(C=C4C=C3)N5CCOCC5,10.259637
CC1=C(C=C(C=C1)C2=NNC3=C2C=C(C=C3)C4=NN=CN4C(C)C)N5C=C(N=C5)C6CC6,10.244887
CC(C)N1C=NN=C1C2=NC(=CC=C2)NC(=O)NC3=NC4=CC=CC=C4N=C3,10.236572
CC(C)N1C=NN=C1C2=NC(=CS2)C(=O)NC3=CN(N=C3)CCOC,10.2218485
CC(C)N1C=NN=C1C2=CC3=C(C=C2)NN=C3C4=CC(=CC=C4)N5C=C(N=C5)C6CC6,10.206209
CC(C)N1C=NN=C1C2=CC3=C(C=C2)NN=C3C4=CC=CC(=C4)C5=CN(N=C5)C,10.196543
CC(C)N1C=NN=C1C2=NC(=CC=C2)NC(=O)NC3=NC=C(C=C3)C4=NN(C=C4)C,10.192465
CC(C)N1C=NN=C1C2=NC(=CC=C2)NC(=O)NC3=NC=C(C=C3)C4=CN(N=C4)C,10.192465
CC(C)N1C=NN=C1C2=NC(=CS2)C(=O)NC3=CN(N=C3)CCCOC,10.187087
CC(CO)N1C=NN=C1C2=NC(=CC=C2)NC(=O)C3=CC4=CC=CC=C4N3,10.183759
CC(C)N1C=NN=C1C2=NC(=CC=C2)NC(=O)NC3=NC4=CC=CC=C4C=N3,10.182435
CC(C)N1C=NN=C1C2=NC(=CC=C2)NC(=O)NC3=CC=NN3,10.175874
CC(C)N1C=NN=C1C2=NC(=CC=C2)NC(=O)C3=CC4=C(N3)C=C(C=C4)C5=CN=CC=C5,10.1643095
CC(C)N1C=NN=C1C2=NC(=CC=C2)NC(=O)NC3=NC4=CC=CC=C4C=C3,10.1605215
CC12C(CC(O1)N3C4=CC=CC=C4C5=C6C(=C7C8=CC=CC=C8N2C7=C53)CNC6=O)(CO)O,10.1549015
CC(C)(C1=CC=C(C=C1)C(=O)NC2=CN3C=C(C=CC3=N2)N4C=CN=C4)O,10.1549015
C1CC(C1)N2C=NN=C2C3=CC4=C(C=C3)NN=C4C5=CC(=CC=C5)N6C=C(N=C6)C7CC7,10.1549015
CC(C)N1C=NN=C1C2=NC(=CC=C2)NC(=O)NC3=NC=NC4=CC=CC=C43,10.148742
CCS(=O)(=O)NC1=CC=CC(=C1)C(=O)NC2=CC=CC(=N2)C3=NN=CN3C(C)C,10.136677
CC(C)N1C=NN=C1C2=NC(=CC=C2)NC(=O)C3=CC4=C(N3)C=C(C=C4)C5=CN(N=C5)C6CCOCC6,10.132532
CC(C)N1C=NN=C1C2=CC3=C(C=C2)NN=C3C4=CC(=CC=C4)C(=O)N,10.129596
CC(C)N1C=NN=C1C2=CC3=C(C=C2)NN=C3C4=CC(=CC(=C4)N5CCOCC5)N6C=C(N=C6)C7CC7,10.12436
CC(C)N1C=NN=C1C2=NC(=CC=C2)NC(=O)C3=CC=CC=C3F,10.119186
CC(CO)N1C=NN=C1C2=NC(=CC=C2)NC(=O)NC3=NC4=CC=CC=C4C=N3,10.091515
CC(C)(C)C1=CC=C(C=C1)C(=O)NC2=CN3C=C(C=CC3=N2)C4=CC=CC=C4,10.086186
CC(C)N1C=NN=C1C2=NC(=CC=C2)NC(=O)NC3=NN4C=CC=CC4=C3,10.069051
CC1=C(NC2=CC=CC=C12)C(=O)NC3=CC=CC(=N3)C4=NN=CN4C(C)C,10.054531
CC(C)N1C=NN=C1C2=NC(=CC=C2)NC(=O)C3=CC4=C(N3)C(=CC=C4)Cl,10.047692
CC(C)N1C=NN=C1C2=NC(=CC=C2)NC(=O)NC3=NC=CN=C3,10.0443125
CCOC(C)N1C=C(C=N1)C2=CC3=C(C=C2)C=C(N3)C(=O)NC4=CC=CC(=N4)C5=NN=CN5C(C)C,10.040482
CN1C=NN=C1C2=NC(=CC=C2)NC(=O)C3=CC=CC=C3OC,10.036212
CC(C)N1C=NN=C1C2=NC(=CS2)C(=O)NC3=NC=CC(=C3)NCCOC,10.004365
CC1=CC2=C(C=C1)OCCCCN3C=NN=C3C4=NC(=CC=C4)NC2=O,10.0
CC1=C(N(C=N1)C2=CC3=C(C=C2)OCCCCN4C=NN=C4C5=NC(=CC=C5)NC3=O)C,10.0
C1C=CCOC2=C(C=CC=C2Br)C(=O)NC3=CC=CC(=N3)C4=NN=CN41,10.0
CC(C)N1C=NN=C1C2=NC(=CC=C2)NC(=O)C3=CN(N=C3)C,9.966577
CC(C)N1C=NN=C1C2=NC(=CC=C2)NC(=O)NC3=NC4=CC=CC=C4N3,9.955461
CC(CO)N1C=NN=C1C2=NC(=CC=C2)NC(=O)NC3=NC4=CC=CC=C4N=C3,9.943477
CC(C)N1C=NN=C1C2=NC(=CC=C2)NC(=O)NC3=NNC(=C3)C4CC4,9.90763
CC(C)N1C=NN=C1C2=NC(=CC=C2)NC(=O)C3=CC4=C(N3)N=CC=C4,9.902742
CC(C)(C)C1=CC=C(C=C1)C(=O)NC2=CN3C=C(C=CC3=N2)CO,9.88941
CC(C)N1C=NN=C1C2=NC(=CS2)C(=O)NC3=CN(N=C3)C4COC4,9.886057
CC(C)N1C=NN=C1C2=NC(=CC=C2)NC(=O)C3CN(CCO3)C4=CC=CC=C4,9.886057
CC(C)N1C=NN=C1C2=NC(=CC=C2)NC(=O)C3=CN(N=C3OC)C4=CC=NC=C4,9.872895
[B-]1(N2C(=CC(=C2C=C3[N+]1=C(C=C3)CCC(=O)NCCOCCOCCOCCNC4CC5N6C7=CC=CC=C7C8=C9C(=C1C2=CC=CC=C2N(C1=C86)C(C4OC)(O5)C)CNC9=O)C)C)(F)F,9.866461
CC(C)N1C=NN=C1C2=NC(=CS2)C(=O)NC3=NC=CC(=C3)OCCOC,9.853872
CC1=CC(=NN1)NC(=O)NC2=CC=CC(=N2)C3=NN=CN3C(C)C,9.848018
CC1=CC(=NN1C)NC(=O)NC2=CC=CC(=N2)C3=NN=CN3C(C)C,9.845576
CC(C)N1C=NN=C1C2=NC(=CC=C2)NC(=O)C3=C(C4=CC=CC=C4N3)C5=COC=C5,9.845272
CC(C)N1C=NN=C1C2=CC3=C(C=C2)NN=C3C4=CC(=CC=C4)C(=O)NC5=CN(N=C5)C,9.841638
C1CNC(=O)C2=C(C1=C3C(=O)NC(=N3)N)C=C(N2)Br,9.823909
CC(C)N1C=NN=C1C2=NC(=CC=C2)NC(=O)C3=CC4=CC=CC=C4O3,9.819301
CCC1=CC(=NN1)NC(=O)NC2=CC=CC(=N2)C3=NN=CN3C(C)C,9.816161
CC(C)N1C=NN=C1C2=NC(=CC=C2)NC(=O)C3=CC4=C(N3)C(=CC=C4)C5=CSC=C5,9.814458
C1CN2C=NN=C2C3=NC(=CC=C3)NC(=O)C4=CC=CC=C4OC1,9.793174
CC1CCCN2C=NN=C2C3=NC(=CC=C3)NC(=O)C4=CC=CC=C4O1,9.7825165
CC(C)N1C=NN=C1C2=NC(=CC=C2)NC(=O)C3=CC=CC(=C3)C4=NC=CN4,9.769551
CC(C)N1C=NN=C1C2=CC3=C(C=C2)NN=C3C4=CC(=CC=C4)NC(=O)C5=CC=C(C=C5)C(F)(F)F,9.705534
C1=CC(=CC=C1C2=CC=C(O2)C=C3C(=O)N(C(=S)S3)CCCCCC(=O)O)Br,9.69897
C1=CC(=CC=C1C2=CC=C(O2)C=C3C(=O)N(C(=S)S3)CCCC(=O)O)Br,9.69897
CC(=O)NC1=CC=CC(=C1)NC2=NC=C3C=C(C=CC3=N2)C4=CNN=C4,9.69897
C1CC1N2C=NN=C2C3=NC(=CC=C3)N4CC5=C(C4=O)C=C(C=C5)C6=CC=NC=C6,9.69897
C1CC1N2C=NN=C2C3=NC(=CC=C3)N4CC5=C(C4=O)C=CC(=C5)C(=O)N6C=CC=N6,9.69897
C1CC1N2C=NN=C2C3=NC(=CC=C3)N4CC5=C(C4=O)C=C(C=C5)C6=CN=CC=C6,9.69897
CNC(=O)C1=CC2=C(C=C1)C(=O)N(C2)C3=CC=CC(=N3)C4=NN=CN4C5CC5,9.69897
COCCNC(=O)C1=CC2=C(C=C1)C(=O)N(C2)C3=CC=CC(=N3)C4=NN=CN4C5CC5,9.69897
CC(=O)N1CCN(CC1)C(=O)C2=CC3=C(C=C2)C(=O)N(C3)C4=CC=CC(=N4)C5=NN=CN5C6CC6,9.69897
C1CCN(CC1)C(=O)C2=CC3=C(C=C2)C(=O)N(C3)C4=CC=CC(=N4)C5=NN=CN5C6CC6,9.69897
C1CN(C1)C(=O)C2=CC3=C(C=C2)C(=O)N(C3)C4=CC=CC(=N4)C5=NN=CN5C6CC6,9.69897
C1CC1N2C=NN=C2C3=NC(=CC=C3)N4CC5=C(C4=O)C=CC(=C5)C(=O)N6CCC(CC6)O,9.69897
C1CC1N2C=NN=C2C3=NC(=CC=C3)N4CC5=CC=CC=C5C4=O,9.69897
C1CC1N2C=NN=C2C3=NC(=CC=C3)N4CC5=C(C4=O)C=CC(=C5)C(=O)N6CC7CCC(C6)O7,9.69897
C1CC1NC(=O)C2=CC3=C(C=C2)C(=O)N(C3)C4=CC=CC(=N4)C5=NN=CN5C6CC6,9.69897
CC(=O)NC1CCN(CC1)C(=O)C2=CC3=C(C=C2)C(=O)N(C3)C4=CC=CC(=N4)C5=NN=CN5C6CC6,9.69897
C1CC1N2C=NN=C2C3=NC(=CC=C3)N4CC5=C(C4=O)C=CC(=C5)C6=CC=NN6,9.69897
C1CC1N2C=NN=C2C3=NC(=CC=C3)N4CC5=C(C4=O)C=CC(=C5)C(=O)NC6CCOCC6,9.69897
COC1=NC=C(C=C1)C2=CC3=C(CN(C3=O)C4=CC=CC(=N4)C5=NN=CN5C6CC6)C=C2,9.69897
CC1(CCN(CC1)C(=O)C2=CC3=C(C=C2)C(=O)N(C3)C4=CC=CC(=N4)C5=NN=CN5C6CC6)O,9.69897
CN1C=NC=C1C2=CC3=C(CN(C3=O)C4=CC=CC(=N4)C5=NN=CN5C6CC6)C=C2,9.69897
CC1=NC=C(C=C1)C2=CC3=C(CN(C3=O)C4=CC=CC(=N4)C5=NN=CN5C6CC6)C=C2,9.69897
COC1CCN(CC1)C(=O)C2=CC3=C(C=C2)C(=O)N(C3)C4=CC=CC(=N4)C5=NN=CN5C6CC6,9.69897
C1CC1N2C=NN=C2C3=NC(=CC=C3)N4CC5=C(C4=O)C=CC(=C5)C(=O)NCCN6C=CN=C6,9.69897
C1CCN(C1)C(=O)C2=CC3=C(C=C2)C(=O)N(C3)C4=CC=CC(=N4)C5=NN=CN5C6CC6,9.69897
CC1=NC=C(C=N1)C2=CC3=C(CN(C3=O)C4=CC=CC(=N4)C5=NN=CN5C6CC6)C=C2,9.69897
CN1CCN(CC1)C(=O)C2=CC3=C(C=C2)C(=O)N(C3)C4=CC=CC(=N4)C5=NN=CN5C6CC6,9.69897
C1CC1N2C=NN=C2C3=NC(=CC=C3)N4CC5=C(C4=O)C=CC(=C5)N,9.69897
C1CC1C2=NC=C(C=N2)C3=CC4=C(CN(C4=O)C5=CC=CC(=N5)C6=NN=CN6C7CC7)C=C3,9.69897
C1CC1N2C=NN=C2C3=NC(=CC=C3)N4CC5=C(C4=O)C=C(C=C5)N6C=CN=C6,9.69897
C1CC1N2C=NN=C2C3=NC(=CC=C3)N4CC5=C(C4=O)C=C(C=C5)C6=CC=CC=N6,9.69897
CN1C(=CC=N1)C2=CC3=C(C=C2)C(=O)N(C3)C4=CC=CC(=N4)C5=NN=CN5C6CC6,9.69897
CSC1CCN(CC1)C(=O)C2=CC3=C(C=C2)C(=O)N(C3)C4=CC=CC(=N4)C5=NN=CN5C6CC6,9.69897
C1CC1N2C=NN=C2C3=NC(=CC=C3)N4CC5=C(C4=O)C=C(C=C5)C6=CN=CN=C6,9.69897
C1CC1N2C=NN=C2C3=NC(=CC=C3)N4CC5=C(C4=O)C=CC(=C5)C(=O)N6CCNC(=O)C6,9.69897
CC1=CC(=CN=C1)C2=CC3=C(CN(C3=O)C4=CC=CC(=N4)C5=NN=CN5C6CC6)C=C2,9.69897
C1CC1N2C=NN=C2C3=NC(=CC=C3)N4CC5=C(C4=O)C=C(C=C5)C6=C(C=CN=C6)Cl,9.69897
C1CC1N2C=NN=C2C3=NC(=CC=C3)N4CC5=C(C4=O)C=CC(=C5)C(=O)N6CCOCC6,9.69897
CN(C)C1=C(C=C2C(=C1)CN(C2=O)C3=CC=CC(=N3)C4=NN=CN4C5CC5)C6=CN=CC=C6,9.69897
C1CC1C2=NC=C(C=C2)C3=CC4=C(CN(C4=O)C5=CC=CC(=N5)C6=NN=CN6C7CC7)C=C3,9.69897
COC1CCN(C1)C(=O)C2=CC3=C(C=C2)C(=O)N(C3)C4=CC=CC(=N4)C5=NN=CN5C6CC6,9.69897
C1CC1N2C=NN=C2C3=NC(=CC=C3)N4CC5=C(C4=O)C=C(C=C5)N6C=NC7=CC=CC=C76,9.69897
C1CC1C2=CN=NN2C3=NC(=CC=C3)N4CC5=CC=CC=C5C4=O,9.69897
COC(=O)C1=C(C=C2C(=C1)CN(C2=O)C3=CC=CC(=N3)C4=NN=CN4C5CC5)C6=CN=CC=C6,9.69897
C1CC1N2C=NN=C2C3=NC(=CC=C3)N4CC5=C(C4=O)C=CC(=C5)C(=O)N6CCSCC6,9.69897
C1CC1N2C=NN=C2C3=NC(=CC=C3)N4CC5=C(C4=O)C=C(C=C5)C6=C(N=CC=C6)F,9.69897
CN1C=C(N=C1)C2=CC3=C(C=C2)C(=O)N(C3)C4=CC=CC(=N4)C5=NN=CN5C6CC6,9.69897
CN1C=CC(=N1)C2=CC3=C(C=C2)C(=O)N(C3)C4=CC=CC(=N4)C5=NN=CN5C6CC6,9.69897
C1CC1N2C=NN=C2C3=NC(=CC=C3)N4CC5=C(C4=O)C=C(C=C5)C6=C(C=CN=C6)F,9.69897
C1CCC(C1)OC2=C(C=C3C(=C2)CN(C3=O)C4=CC=CC(=N4)C5=NN=CN5C6CC6)C7=CN=CC=C7,9.69897
C1CC1N2C=NN=C2C3=NC(=CC=C3)N4CC5=C(C4=O)C=C(C=C5)C(=O)O,9.69897
C1CC1N2C=NN=C2C3=NC(=CC=C3)N4CC5=CC(=C(C=C5C4=O)C6=CN=CC=C6)Cl,9.69897
C1CC2=NN=C(N2C1CO)C3=NC(=CC=C3)N4CC5=CC=CC=C5C4=O,9.69897
CN1C=CN=C1C2=CC3=C(CN(C3=O)C4=CC=CC(=N4)C5=NN=CN5C6CC6)C=C2,9.69897
CN(C)C1CCN(CC1)C(=O)C2=CC3=C(C=C2)C(=O)N(C3)C4=CC=CC(=N4)C5=NN=CN5C6CC6,9.69897
CC(C)N1C=NN=C1C2=NC(=CC=C2)N3CC4=C(C3=O)C=C(C=C4)C5=CN=CC=C5,9.69897
CN(C)C1=CC2=C(C=C1)C(=O)N(C2)C3=CC=CC(=N3)C4=NN=CN4C5CC5,9.69897
COC1=C(C=C2C(=C1)CN(C2=O)C3=CC=CC(=N3)C4=NN=CN4C5CC5)C6=CN=CC=C6,9.69897
CN(C)C(=O)C1=CC2=C(CN(C2=O)C3=CC=CC(=N3)C4=NN=CN4C5CC5)C=C1,9.69897
CC1=C(C=CC=N1)C2=CC3=C(CN(C3=O)C4=CC=CC(=N4)C5=NN=CN5C6CC6)C=C2,9.69897
C1CC1N2C=C(C=N2)C3=CC4=C(CN(C4=O)C5=CC=CC(=N5)C6=NN=CN6C7CC7)C=C3,9.69897
COC(=O)C1CCN(CC1)C(=O)C2=CC3=C(C=C2)C(=O)N(C3)C4=CC=CC(=N4)C5=NN=CN5C6CC6,9.69897
C1CC1N2C=NN=C2C3=NC(=CC=C3)N4CC5=CC(=C(C=C5C4=O)C6=CN=CC=C6)F,9.69897
CC1CCC2=NN=C(N12)C3=NC(=CC=C3)N4CC5=CC=CC=C5C4=O,9.69897
CN1C=CC(=N1)C2=CC3=C(CN(C3=O)C4=CC=CC(=N4)C5=NN=CN5C6CC6)C=C2,9.69897
CC1=NC=C(S1)C2=CC3=C(CN(C3=O)C4=CC=CC(=N4)C5=NN=CN5C6CC6)C=C2,9.69897
C1CC1C2=CN(N=N2)C3=CC4=C(CN(C4=O)C5=CC=CC(=N5)C6=NN=CN6C7CC7)C=C3,9.69897
C1CCN(CC1)C(=O)C2=C(C=C3C(=C2)CN(C3=O)C4=CC=CC(=N4)C5=NN=CN5C6CC6)Cl,9.69897
C1CCN(C1)C(=O)C2=C(C=C3C(=C2)CN(C3=O)C4=CC=CC(=N4)C5=NN=CN5C6CC6)C7=CN=CC=C7,9.69897
CC1=CC2=C(C=C1C3=CN=CC=C3)C(=O)N(C2)C4=CC=CC(=N4)C5=NN=CN5C6CC6,9.69897
CC1=C(C=NC=C1)C2=CC3=C(CN(C3=O)C4=CC=CC(=N4)C5=NN=CN5C6CC6)C=C2,9.69897
COC(=O)C1=CC2=C(CN(C2=O)C3=CC=CC(=N3)C4=NN=CN4C5CC5)C=C1,9.69897
C1CC1C2=NC=C(N=C2)C3=CC4=C(CN(C4=O)C5=CC=CC(=N5)C6=NN=CN6C7CC7)C=C3,9.69897
C1CC1N2C=NN=C2C3=NC(=CC=C3)N4CC5=C(C4=O)C=C(C=C5)C6=NN=CC=C6,9.69897
CCNC1=CC2=C(C=C1)C(=O)N(C2)C3=CC=CC(=N3)C4=NN=CN4C5CC5,9.69897
CC(C)OC1=C(C=C2C(=C1)CN(C2=O)C3=CC=CC(=N3)C4=NN=CN4C5CC5)C6=CN=CC=C6,9.69897
CC(C)N1C=NN=C1C2=NC(=CC=C2)NC(=O)C3=CC4=C(N3)C(=CC=C4)NC(=O)C,9.619608
C1CCC(CC1)N2C=NN=C2C3=CC4=C(C=C3)NN=C4C5=CC(=CC=C5)N6C=C(N=C6)C7CC7,9.614394
CC(C)N1C=NN=C1C2=CC3=C(C=C2)NN=C3C4=CC(=CC=C4)C(=O)NCCOC,9.610834
CC(C)N1C=NN=C1C2=NC(=CC=C2)NC(=O)NC3=CC=C(C=C3)C4=CN(N=C4)C,9.610126
[B-]1(N2C(=CC(=C2C=C3[N+]1=C(C=C3)CCC(=O)NCCOCCOCCOCCN(C)C4CC5N6C7=CC=CC=C7C8=C9C(=C1C2=CC=CC=C2N(C1=C86)C(C4OC)(O5)C)CNC9=O)C)C)(F)F,9.605548
C1CNCCC1OC2=C3C(=CNC3=C(C=C2)C(=O)N)C#N,9.600327
CC1=CC2=C(C=CN=C2N1)C3=CC=C(S3)S(=O)(=O)NCCN,9.600327
CC(C)N1C=NN=C1C2=NC(=CC=C2)NC(=O)C3CCCCO3,9.5999975
CC(C)N1C=NN=C1C2=NC(=CC=C2)NC(=O)NC3=NN(C4=CC=CC=C43)C,9.586198
CC1=CC2=C(C=C1)N=C(S2)NC(=O)C3=CC=C(C=C3)C(C)(C)C,9.585027
CC(C)N1C=NN=C1C2=CC3=C(C=C2)NN=C3C4=C(C=CC(=C4)N5C=C(N=C5)C6CC6)OC,9.568636
CC(C)N1C=NN=C1C2=CC3=C(C=C2)NN=C3C4=CC(=CC=C4)C(=O)NC5CC5,9.567031
C1CC1C2=CN(C=N2)C3=CC=CC(=C3)C4=NNC5=C4C=C(C=C5)C6=CNN=C6,9.561299
CCOC(C)N1C=C(C=N1)C2=CC(=CN=C2)C3=NNC4=C3C=C(C=C4)C5=NN=CN5C(C)C,9.55752
CC(C)N1C=NN=C1C2=CC3=C(C=C2)NN=C3C4=CC=CC(=C4)C5=CN=CC=C5,9.548214
CC(C)N1C=NN=C1C2=NC(=CC=C2)NC(=O)C3=CC=CC=C3OC,9.524329
C1=CC=C(C(=C1)C2=CC=C(O2)C=C3C(=O)N(C(=S)S3)CCCC(=O)O)Cl,9.522879
C1=CC=C(C(=C1)C2=CC=C(O2)C=C3C(=O)N(C(=S)S3)CCC(=O)O)F,9.522879
CC(C)N1C=NN=C1C2=NC(=CC=C2)NC(=O)N(C)C3=NC4=CC=CC=C4C=C3,9.496755
CC(C)N1C=NN=C1C2=NC(=CC=C2)NC(=O)NC3=CC=NC=C3,9.472113
CC(C(=O)O)N1C(=O)C(=CC2=CC=C(O2)C3=CC(=C(C=C3)Cl)Cl)SC1=S,9.468521
C1=CC(=CC(=C1)Cl)C2=CC=C(O2)C=C3C(=O)N(C(=S)S3)CCCC(=O)O,9.455932
C1=CC(=C(C=C1Cl)C2=CC=C(O2)C=C3C(=O)N(C(=S)S3)CCCC(=O)O)Cl,9.455932
CC(C)C1=CC(=NN1)NC(=O)NC2=CC=CC(=N2)C3=NN=CN3C(C)C,9.405607
CC(C)N1C=NN=C1C2=NC(=CC=C2)NC(=O)C3=CC=CC=C3,9.399997
CC(C)N1C=NN=C1C2=NC(=CS2)C(=O)NC3=CC=CC=N3,9.39794
CC(C)N1C=NN=C1C2=NC(=CC=C2)NC(=O)OC(C)C,9.3250475
CCOC(=O)C1=C2C3=CC=CC=C3C(=O)C4=C2C(=CC=C4)NC1=O,9.30103
C1=CC(=CC(=C1)C(F)(F)F)C2=CC=C(O2)C=C3C(=O)N(C(=S)S3)CCCCCC(=O)O,9.30103
CCC(C(=O)O)N1C(=O)C(=CC2=CC=C(O2)C3=CC=C(C=C3)Br)SC1=S,9.30103
CCC(C(=O)O)N1C(=O)C(=CC2=CC=C(O2)C3=C(C=CC(=C3)Cl)Cl)SC1=S,9.30103
CCCC(C(=O)O)N1C(=O)C(=CC2=CC=C(O2)C3=CC=C(C=C3)Br)SC1=S,9.30103
C1=CC(=C(C(=C1)Cl)C2=CC=C(O2)C=C3C(=O)N(C(=S)S3)CCCC(=O)O)Cl,9.30103
C1=CC=C(C(=C1)C2=CC=C(O2)C=C3C(=O)N(C(=S)S3)CCCCCC(=O)O)Cl,9.30103
CC(C)N1C=NN=C1C2=NC(=CC=C2)NC(=O)C3=NC4=CC=CC=C4S3,9.29585
CC1CC2=C(O1)C=CC(=C2)C(=C3C(N(C(=O)C3=O)C4=NC5=C(S4)C=C(C=C5)F)C6=CC(=CC=C6)OCCC(C)C)O,9.283997
C1=CC(=CC(=C1)NC(=O)C2=CC=C(C=C2)C(F)(F)F)C3=NNC4=C3C=C(C=C4)C5=NC=NN5,9.274088
CC(C)N1C=NN=C1C2=NC(=CC=C2)NC(=O)C3=CC4=C(C=C3)C=CC(=N4)N5CCOCC5,9.259637
CC(C)N1C=NN=C1C2=NC(=CC=C2)NC(=O)C3=CC4=CC=CC=C4C=C3,9.259637
CC(C)N1C=NN=C1C2=NC(=CC=C2)NC(=O)C3=CC4=C(C=C3)C=CC(=N4)Cl,9.259637
CC(C)NC1=NC2=C(C=CC(=C2)C(=O)NC3=CC=CC(=N3)C4=NN=CN4C(C)C)N=C1OC,9.259637
CC(C)N1C=NN=C1C2=NC(=CC=C2)NC(=O)C3=CC4=C(C=C3)C=CC(=N4)N5CC6CCC(C5)O6,9.259637
CC(C)N1C=NN=C1C2=NC(=CC=C2)NC(=O)C3=CC4=C(C=C3)N=C(C(=N4)N5CCCCC5)OC,9.259637
CC(C)N1C=NN=C1C2=NC(=CC=C2)NC(=O)C3=CC4=C(C=C3)N=C(C(=N4)N5CCOCC5)OC,9.259637
CC(C)N1C=NN=C1C2=NC(=CC=C2)NC(=O)C3=CC4=C(C=C3)N=C(C(=N4)N5CCOCC5)OC(C)C,9.259637
CC(C)N1C=NN=C1C2=NC(=CC=C2)NC(=O)C3=CC4=NC=CN=C4C=C3,9.259637
CC(C)N1C=NN=C1C2=NC(=CC=C2)NC(=O)C3=CC4=CC=CC=C4C=C3F,9.259637
CC(C)N1C=NN=C1C2=NC(=CC=C2)NC(=O)C3=CC4=NC=C(C=C4C=C3)Br,9.259637
CC(C)N1C=NN=C1C2=NC(=CC=C2)NC(=O)C3=CC4=C(C=C3F)N=C(C(=N4)OC(C)C)OC(C)C,9.259637
CC(C)N1C(=NN=N1)C2=NC(=CC=C2)NC(=O)C3=CC4=C(C=C3F)N=C(C(=N4)N5CCCCC5)OC,9.259637
CC(C)CN(C)C1=NC2=C(C=C(C(=C2)C(=O)NC3=CC=CC(=N3)C4=NN=CN4C(C)C)F)N=C1OC(C)C,9.259637
CC(C)N1C=NN=C1C2=NC(=CC=C2)NC(=O)C3=CC=CC(=C3)C(=O)N,9.236572
C1=CC(=CC(=C1)NC2=NC=C3C=C(C=CC3=N2)C4=CNN=C4)N,9.2218485
CCN1C=C(C=N1)NC(=O)C2=CSC(=N2)C3=NN=CN3C(C)C,9.2218485
C1CC1N2C=NN=C2C3=NC(=CC=C3)N4CC5=C(C4=O)C=CC(=C5)NC(=O)C6(CC6)C7=CC=CC=C7,9.2218485
CC(=O)NC1=CC2=C(C=C1)C(=O)N(C2)C3=CC=CC(=N3)C4=NN=CN4C5CC5,9.2218485
C1CC1N2C=NN=C2C3=NC(=CC=C3)N4CC5=C(C4=O)C=C(C=C5)C6=CC(=CN=C6)F,9.2218485
C1CC2=NN=C(N2C1)C3=NC(=CC=C3)N4CC5=CC=CC=C5C4=O,9.2218485
C1C2=CC=CC=C2C(=O)N1C3=CC=CC(=N3)N4C=CN=N4,9.2218485
C1CC1C(=O)NC2=C(C=C3CN(C(=O)C3=C2)C4=CC=CC(=N4)C5=NN=CN5C6CC6)F,9.2218485
C1=CC(=CC=C1C2=CC=C(O2)C=C3C(=O)N(C(=S)S3)CCC(=O)O)[N+](=O)[O-],9.187087
CC(C)N1C=NN=C1C2=CC3=C(C=C2)NN=C3C4=CC(=CC=C4)S(=O)(=O)C,9.134896
C1C2=C3C4=C(C=CC(=C4)O)NC3=C5C(=C2C(=O)N1)C6=CC=CC=C6N5,9.130768
CC(C)N1C=NN=C1C2=NC(=CC=C2)NC(=O)C3=CC4=CC=CC=C4N3C,9.129011
C1=CC=C(C(=C1)C2=CC=C(O2)C=C3C(=O)N(C(=S)S3)CCC(=O)O)Cl,9.124939
CSCCC(C(=O)O)N1C(=O)C(=CC2=CC=C(O2)C3=CC(=C(C=C3)Cl)Cl)SC1=S,9.124939
CCC(C(=O)O)N1C(=O)C(=CC2=CC=C(O2)C3=CC(=CC=C3)Cl)SC1=S,9.124939
CCCCCOC1=CC=C(C=C1)C2C(=C(C3=CC4=C(C=C3)OC(C4)C)O)C(=O)C(=O)N2C5=NC6=C(S5)C=C(C=C6)F,9.124939
CC(=O)NC1CC2N3C4=CC=CC=C4C5=C6C(=C7C8=CC=CC=C8N(C7=C53)C(C1O)(O2)C)CNC6=O,9.113509
C1COC1CN2C=NN=C2C3=NC(=CC=C3)N4CC5=CC=CC=C5C4=O,9.099999
CCOC(=O)C1=CC=C(C=C1)C2=CC=C(O2)C=C3C(=O)N(C(=S)S3)C(CC(=O)O)C(=O)C,9.09691
CC(C)N1C=NN=C1C2=CC3=C(C=C2)NN=C3C4=CC=CC(=C4)C5=CC=NN5C,9.068034
CC(C)(C)C1=CC=C(C=C1)C(=O)NC2=CN3C=C(C=CC3=N2)CNC,9.060481
CC(=O)NC1=CC=CC(=C1)NC2=NC3=CC=CC=C3C=N2,9.045757
C1=CC(=C(C(=C1)Cl)C2=CC=C(O2)C=C3C(=O)N(C(=S)S3)C(CC(=O)O)C(=O)O)Cl,9.0
C1=CC(=CC(=C1)Cl)C2=CC=C(O2)C=C3C(=O)N(C(=S)S3)CCC(=O)O,9.0
CC(C1=CC=CC=C1)N2C3=C(C=CC(=C3)N4C5=C(NC4=O)N=CC=C5)C(=O)NC2(C)C,9.0
CCN(CC1=CC=CC=C1)C2=NC3=C(C=CC(=C3)C(=O)NC4=CC=CC(=N4)C5=NN=CN5C(C)C)C=C2,9.0
CC(C)N1C=NN=C1C2=NC(=CC=C2)NC(=O)C3=CC4=NC=C(C=C4C=C3)C5=CC=C(C=C5)C(C)(C)C,9.0
CC(C)N1C(=NN=N1)C2=NC(=CC=C2)NC(=O)C3=CC4=C(C=C3F)N=C(C(=N4)N(C)C(C)C)OC(C)C,9.0
CC(C)N1C=NN=C1C2=NC(=CC=C2)NC(=O)C3=CC4=C(C=C3)C=CC(=N4)N5CCN(CC5)C(C)(C)C,9.0
CC(C)N1C=NN=C1C2=NC(=CC=C2)NC(=O)C3=CC4=C(C=C3)C=CC(=N4)N(C)C,9.0
CC(C)N1C(=NN=N1)C2=NC(=CC=C2)NC(=O)C3=NC=C4C=CC(=CC4=C3)Br,9.0
CC(C)N1C=NN=C1C2=NC(=CC=C2)NC(=O)C3=CC4=C(C=C3)C=CC(=N4)NC5CCCCC5,9.0
CC(C)CN(C)C1=NC2=C(C=C(C(=C2)C(=O)NC3=CC=CC(=N3)C4=NN=NN4C(C)C)F)N=C1OC(C)C,9.0
CC(C)N1C(=NN=N1)C2=NC(=CC=C2)NC(=O)C3=CC4=C(C=C3F)N=C(C(=N4)OC(C)C)OC(C)C,9.0
CC(C)N1C=NN=C1C2=NC(=CC=C2)NC(=O)C3=CC4=C(C=C3)C=CC(=N4)N5CC6(C5)COC6,9.0
CC(C)NC1=NC2=C(C=C(C(=C2)C(=O)NC3=CC=CC(=N3)C4=NN=NN4C(C)CO)F)N=C1OC(C)C,9.0
CC(C)N1C(=NN=N1)C2=NC(=CC=C2)NC(=O)C3=CC4=CC=CC=C4C=C3F,9.0
CC(C)N1C=NN=C1C2=NC(=CC=C2)NC(=O)C3=CC4=C(C=C3)N=C(C(=N4)N5CCCCC5)OC(C)C,9.0
CC(C)N1C=NN=C1C2=NC(=CC=C2)NC(=O)C3=CC4=C(C=CC=N4)C=C3,9.0
CC(C)NC1=NC2=C(C=C(C(=C2)C(=O)NC3=CC=CC(=N3)C4=NN=NN4C(C)C)F)N=C1OC(C)C,9.0
CC1C(C(CC(O1)N2C3=C(C=C(C=C3)O)C4=C5C(=C6C7=CC=CC=C7NC6=C42)CNC5=O)N)O,8.958608
CC1=C(OC2=CC=CC=C12)C(=O)NC3=CC=CC(=N3)C4=NN=CN4C(C)C,8.956244
CC(C)N1C=NN=C1C2=NC(=CC=C2)NC(=O)NC3=CN=CC=C3,8.917933
C1=CC=C(C(=C1)C2=CC=C(O2)C=C3C(=O)N(C(=S)S3)CC(=O)O)Cl,8.90309
CC(C)N1C=NN=C1C2=NC(=CC=C2)NC(=O)OCC3=CC=CC=C3,8.8173
CC1=CC=C(O1)C(=O)C2=C(C(=O)N(C2C3=CC=C(C=C3)C(C)(C)C)C4=NC5=C(S4)C=C(C=C5)F)O,8.809669
CCC1=CC=C(C=C1)C2=CC=C(O2)C=C3C(=O)N(C(=S)S3)C(CC(=O)O)C(=O)O,8.744727
CCCC(C(=O)O)N1C(=O)C(=CC2=CC=C(O2)C3=CC=C(C=C3)[N+](=O)[O-])SC1=S,8.744727
CC(C)N1C=NN=C1C2=NC(=CC=C2)NC(=O)NC3=CN(N=C3)C,8.7307205
C1=CC(=CC(=C1)O)N2C(=O)C(=CC3=CC=C(O3)C4=CC=C(C=C4)Br)SC2=S,8.69897
CCOC1=CC2=C(C=C1)N=C(S2)N3C(C(=C(C4=CC=C(C=C4)C)O)C(=O)C3=O)C5=CC=C(C=C5)C(C)(C)C,8.69897
CC1=CC=C(O1)C(=O)C2=C(C(=O)N(C2C3=CC=C(C=C3)C(C)C)C4=NC5=C(C=C(C=C5S4)C)C)O,8.69897
CCCOC1=CC=C(C=C1)C2C(=C(C3=CC4=C(C=C3)OCCO4)O)C(=O)C(=O)N2C5=NC6=C(S5)C=C(C=C6)C,8.69897
CN(C)C1=CC=CC(=C1)NC2=NC=CC(=N2)NCCOC3=CC=CC=C3,8.69897
CC(C)N1C=NN=C1C2=NC(=CC=C2)NC(=O)NC3=CC=CC(=C3)C4=CN(N=C4)C,8.673664
CC1=CN=C(N=C1NCC2=CC(=CC=C2)C(F)(F)F)NC3=CC=C(C=C3)N4CCOCC4,8.653256
CC(=O)CN1C(=O)C(=CC2=CC=C(O2)C3=CC=C(C=C3)OC)SC1=S,8.60206
CC(C)(C)C1=CC=C(C=C1)C2C(=C(C3=CC4=C(C=C3)OCCO4)O)C(=O)C(=O)N2C5=NC6=C(S5)C=C(C=C6)Cl,8.60206
C1=CC(=CC=C1C2=CC=C(O2)C=C3C(=O)N(C(=S)S3)C(CC(=O)O)C(=O)O)Br,8.552842
CC(C)N1C=NN=C1C2=NC(=CC=C2)NC(=O)NC3=CC=CC=C3,8.546988
CC1=CC2=C(C=C1)N=C(S2)N3C(C(=C(C4=CC=C(C=C4)F)O)C(=O)C3=O)C5=CC=C(C=C5)Cl,8.537602
C1=CC=C(C(=C1)C2=CC=C(O2)C=C3C(=O)N(C(=S)S3)CCCC(=O)O)F,8.522879
C1=CC=C(C(=C1)C2=CC=C(O2)C=C3C(=O)N(C(=S)S3)CC(=O)O)F,8.522879
C1C2=C3C4=CC=CC=C4NC3=C5C(=C2C(=O)N1)C6=C(N5)C=CC(=C6)O,8.522879
CC(C)N1C=NN=C1C2=NC(=CC=C2)NC(=O)NC3=CC=NC4=CC=CC=C43,8.487049
CCCCOC1=C(C=C(C=C1)C2C(=C(C3=CC4=C(C=C3)OCCO4)O)C(=O)C(=O)N2C5=NC6=C(S5)C=C(C=C6)Cl)OCC,8.443698
CN(C)C1=CC=CC(=C1)NC2=NC3=CC(=C(C=C3C(=N2)NC4=CC5=C(C=C4)OCO5)OC)OC,8.439496
CC(C)N1C=NN=C1C2=NC(=CC=C2)NC(=O)NC3=C4C=CC=CN4N=C3,8.438184
CCCC(C(=O)O)N1C(=O)C(=CC2=CC=C(O2)C3=CC(=C(C=C3)Cl)Cl)SC1=S,8.408936
CC1C(C2(CC(O1)N3C4=C(C=C(C=C4)O)C5=C6C(=C7C8=CC=CC=C8N2C7=C53)CNC6=O)O)O,8.387217
CC1=NN(C(=C1)NC(=O)NC2=CC=CC(=N2)C3=NN=CN3C(C)C)C,8.382685
COC1=CC2=C(C=C1)N=C(S2)N3C(C(=C(C3=O)O)C(=O)C4=CC=CO4)C5=CC=C(C=C5)Cl,8.376751
CCOC1=CC2=C(C=C1)N=C(S2)N3C(C(=C(C4=CC=CC=C4)O)C(=O)C3=O)C5=CC=C(C=C5)Cl,8.376751
CC(=O)NC1=CC=C(C=C1)NC2=NC(=NC3=CC(=C(C=C32)OC)OC)NC4=NC5=CC=CC=C5N4C,8.363612
CN(C)C1=CC=CC(=C1)NC2=NC3=CC(=C(C=C3C(=N2)NC4=CC=CC=C4)OC)OC,8.36291
CCOC1=CC2=C(C=C1)N=C(S2)N3C(C(=C(C3=O)O)C(=O)C4=CC=CS4)C5=CC=C(C=C5)C,8.356547
CC1=CC=C(C=C1)C(=C2C(N(C(=O)C2=O)C3=NC4=C(S3)C=C(C=C4)C)C5=CC=C(C=C5)C(C)(C)C)O,8.356547
C1=CC(=CC(=C1)Cl)C2C(=C(C(=O)N2C3=NC4=C(S3)C=C(C=C4)F)O)C(=O)C5=CC=CS5,8.346787
CC1=CC(=NC(=N1)NC2=CC=C(C=C2)N3CCOCC3)NCC4=CC(=CC=C4)C(F)(F)F,8.33885
CCCCOC1=CC=C(C=C1)C2C(=C(C3=CC4=C(C=C3)OCCO4)O)C(=O)C(=O)N2C5=NC6=C(S5)C=C(C=C6)C,8.337242
CNC1=C2C3=CC=CC=C3C(=O)C4=C2C(=CC=C4)N(C1=O)C,8.327902
CC1=CC(=NC(=N1)NC2=CC(=CC=C2)N(C)C)NCCC3=CC=C(C=C3)OC,8.3213
CC1=C(N2C=C(C=CC2=N1)C3=CN4C(=NC(=C4C(=O)NCC5=CC(=CC=C5)OC)C)C=C3)C(=O)NCC6=CC(=CC=C6)OC.C(=O)(C(F)(F)F)O,8.318216
COC1=CC2=C(C=C1)OCC(C2)C(=O)NC3=C(C=C(C=C3)C4=CNN=C4)OCCOCC=C.C(=O)(C(F)(F)F)O,8.318216
COC1=C(C=C2C(=C1)C(=NC(=N2)NC3=CC=C(C=C3)N4CCOCC4)NC5=CC6=C(C=C5)OCO6)OC,8.314706
CC1=CC(=NC(=N1)NC2=CC(=CC=C2)N(C)C)NC3=CC4=C(C=C3)OCO4,8.311491
CCCOC1=CC=C(C=C1)C2C(=C(C3=CC4=C(C=C3)OCCO4)O)C(=O)C(=O)N2C5=NC6=C(S5)C=C(C=C6)Cl,8.30103
CCOC1=CC2=C(C=C1)N=C(S2)N3C(C(=C(C4=CC=CC=C4)O)C(=O)C3=O)C5=CC=C(C=C5)C(C)(C)C,8.30103
CC1=CN=C(C=C1N2C3=C(C=NC=C3)N(C2=O)CC(=O)N)C4=C(C=CC(=C4)Cl)F,8.30103
CCCCCOC1=CC=C(C=C1)C2C(=C(C3=CC4=C(C=C3)OCCO4)O)C(=O)C(=O)N2C5=NC6=C(S5)C=C(C=C6)C,8.283997
CCCCOC1=CC=C(C=C1)C2C(=C(C3=CC4=C(C=C3)OCCO4)O)C(=O)C(=O)N2C5=NC6=C(S5)C=C(C=C6)Cl,8.283997
COC1=CC=C(C=C1)CCNC2=C3C(=NC(=N2)NC4=CC=C(C=C4)N5CCOCC5)N(C=N3)CC6=CC=C(C=C6)C(F)(F)F,8.27597
C1COCCN1C2=CC=C(C=C2)NC3=NC(=C4C(=N3)N(C=N4)CC5=CC=C(C=C5)C(F)(F)F)NC6=CC7=C(C=C6)OCO7,8.270754
CC(C)N1C=NC2=C(N=C(N=C21)NC3=CC=C(C=C3)N4CCOCC4)NCC5=CC(=CC=C5)C(F)(F)F,8.26568
CCOC1=CC=C(C=C1)C(=C2C(N(C(=O)C2=O)C3=NC4=C(S3)C=C(C=C4)C)C5=CC=C(C=C5)F)O,8.259637
CN1C2=CC=CC=C2C(=O)N1C3=CC=CC(=N3)C4=NN=CN4C5CC5,8.259637
C1CC1N2C=NN=C2C3=NC(=CC=C3)N4C(=O)C5=CC=CC=C5S4,8.259637
C1CCOC(C1)N2C3=CC=CC=C3C(=O)N2C4=CC=CC(=N4)C5=NN=CN5C6CC6,8.259637
C1C2=CC=CC=C2C(=O)N1C3=CC=CC(=N3)C4N=NC5=CC=CN45,8.259637
C1CC1N2C=NN=C2C3=NC(=NC=C3)N4CC5=CC=CC=C5C4=O,8.259637
COC1=C(C=C2C(=C1)C(=NC(=N2)NC3=CC=C(C=C3)N4CCOCC4)NC5=CC=C(C=C5)N6CCOCC6)OC,8.25555
C1CCC(CC1)N2C=NC3=C(N=C(N=C32)NC4=CC=C(C=C4)N5CCOCC5)NCCOC6=CC=CC=C6,8.24726
C1=CC2=C(C=C1C3=NC(=NC=C3)N)NN=C2N,8.244887
C1COCCN1C2=CC=C(C=C2)NC3=NC(=C4C(=N3)N(C=N4)C5=CSC=C5)NC6=CC7=C(C=C6)OCO7,8.24268
COC1=C(C=C2C(=C1)C(=NC(=N2)NC3=CC=C(C=C3)N4CCOCC4)NCCOC5=CC=CC=C5)OC,8.234704
COC1=C(C=C2C(=C1)C(=NC(=N2)NC3=CC=C(C=C3)N4CCOCC4)NC5=CC=C(C=C5)OCCN6CCCCC6)OC,8.23463
CC1=CC(=C(C=C1N2C=C(N=C2)C3CC3)C(=O)NC4=CC=CC=N4)F,8.2218485
CCN(CC)C1=NC(=NC(=N1)NC2=CC=C(C=C2)N3CCOCC3)NC4=CC=C(C=C4)N5C=CN=C5,8.219683
CC1=CC(=NC(=N1)NC2=CC(=CC=C2)N(C)C)NCCOC3=CC=CC=C3,8.219251
CC(C)N1C=NN=C1C2=CC(=CC=C2)NC(=O)C3=CN(N=C3OC)C,8.210137
COC1=C(C=C2C(=C1)C(=NC(=N2)NC3=CC=C(C=C3)N4CCOCC4)NCC5=CC(=CC=C5)C(F)(F)F)OC,8.204537
COC1=C(C=C2C(=C1)C(=NC(=N2)NCC3=CC4=C(C=C3)OCO4)NC5=CC=C(C=C5)N6CCOCC6)OC,8.203148
CC1=CC(=C2C(=C1)SC(=N2)N3C(C(=C(C4=CC=C(C=C4)Cl)O)C(=O)C3=O)C5=CC=C(C=C5)C(C)C)C,8.20066
CC1C(C(CC(O1)N2C3=C(C=C(C=C3)O)C4=C5C(=C6C7=CC=CC=C7NC6=C42)CNC5=O)NC(=O)C)O,8.19382
CN1CCN(CC1)C2=CC(=C(C=C2)NC3=NC=C(C(=C3)NC4=CC=CC=C4C5=NC=CC=N5)C(F)(F)F)OC.C(=O)(C(F)(F)F)O.C(=O)(C(F)(F)F)O,8.19321
CN(C)C1=CC=CC(=C1)NC2=NC3=CC(=C(C=C3C(=N2)NC4=CC=C(C=C4)N5CCOCC5)OC)OC,8.192195
CC1=CC(=NC(=N1)NC2=CC=CC=C2)NC3=CC=C(C=C3)N4CCOCC4,8.189499
CC(C)N1C=NN=C1C2=NC(=CC=C2)N(C)C(=O)N(C)C3=NN4C=CC=CC4=C3,8.177767
CC1=CC(=NC(=N1)N2CCN(CC2)C3=CC=CC=N3)NC4=CC=C(C=C4)N5CCOCC5,8.176004
CC1=CC(=NC(=N1)N2CCN(CC2)CC3=CC4=C(C=C3)OCO4)NC5=CC=C(C=C5)N6CCOCC6,8.175679
CC(=O)NC1=CC=C(C=C1)NC2=NC(=NC3=CC(=C(C=C32)OC)OC)NC4=CC5=C(C=C4)N=CC=C5,8.175549
CC1=CC(=NC(=N1)NCC2=CC3=C(C=C2)OCO3)NC4=CC=C(C=C4)N5CCOCC5,8.174574
CC1=CC(=NC(=N1)N2CCC3=CC=CC=C3C2)NC4=CC=C(C=C4)N5CCOCC5,8.174444
COC1=C(C=C2C(=C1)C(=NC(=N2)NC3=CC=NC=C3)NC4=CC=C(C=C4)N5CCOCC5)OC,8.174185
COC1=CC=C(C=C1)CCNC2=NC(=NC=C2)NC3=CC=C(C=C3)N4CCOCC4,8.173731
C1COCCN1C2=CC=C(C=C2)NC3=NC=CC(=N3)NCC4=CC(=CC=C4)C(F)(F)F,8.173471
CCCNC1=C2C(=NC(=N1)NC3=CC=C(C=C3)N4CCOCC4)N(C=N2)CC5=CC=C(C=C5)C(F)(F)F,8.171727
CC1=CN=C(N=C1NCC2=CC=CC=C2)NC3=CC=C(C=C3)N4CCOCC4,8.17134
COC1=CC=C(C=C1)CCNC2=NC(=NC3=CC(=C(C=C32)OC)OC)NC4=CC=C(C=C4)N5CCOCC5,8.16845
CN(C)C1=CC=CC(=C1)NC2=NC3=CC(=C(C=C3C(=N2)NCCOC4=CC=CC=C4)OC)OC,8.168323
CN(C)C1=CC=CC(=C1)NC2=NC=CC(=N2)NC3=CC(=C(C(=C3)OC)OC)OC,8.164881
CN(C)C1=CC=CC(=C1)NC2=NC3=CC(=C(C=C3C(=N2)NC4CC4)OC)OC,8.157266
CC(C)N1C=NN=C1C2=NC(=CC=C2)NC(=O)NCC3=CC=CC=C3,8.153787
CC(C)N1C=NC2=C(N=C(N=C21)NCC3=CC4=C(C=C3)OCO4)NC5=CC6=C(C=C5)OCO6,8.146241
COC1=CC(=CC(=C1OC)OC)NC2=NC3=CC(=C(C=C3C(=N2)NC4=CC=C(C=C4)N5CCOCC5)OC)OC,8.143996
COC1=CC=C(C=C1)CCNC2=C3C(=NC(=N2)NC4=CC=C(C=C4)N5CCOCC5)N(C=N3)C6=CSC=C6,8.130533
CC1=CC=C(C=C1)C(=C2C(N(C(=O)C2=O)C3=NC4=C(S3)C=C(C=C4)F)C5=CC=C(C=C5)C(C)(C)C)O,8.119186
CN(C)C1=CC=CC(=C1)NC2=NC3=CC(=C(C=C3C(=N2)NCCC4=CC=C(C=C4)OC)OC)OC,8.117931
CC(=O)NC1=CC=C(C=C1)NC2=NC(=NC3=CC(=C(C=C32)OC)OC)NC4=CC(=CC=C4)N(C)C,8.111203
COC1=CC(=CC(=C1OC)OC)NC2=NC(=NC3=CC(=C(C=C32)OC)OC)NC4=CC=C(C=C4)N5CCOCC5,8.111147
CN(C)C1=CC=CC(=C1)NC2=NC=CC(=N2)NCCC3=CC=C(C=C3)OC,8.110362
CC(C)N1C2=NC=NC(=C2N=C1NC3=CC(=CC=C3)N(C)C)NC4=CC=C(C=C4)N5CCOCC5,8.105075
CC(C)N1C=NC2=C(N=C(N=C21)NC3=CC=C(C=C3)N4CCOCC4)NC5CCN(CC5)CC6=CC=CC=C6,8.10364
C1CCC(CC1)N2C=NC3=C(N=C(N=C32)NC4=CC=C(C=C4)N5CCOCC5)NC6CCN(CC6)CC7=CC=CC=C7,8.101824
CC12C(C(CC(O1)N3C4=CC=CC=C4C5=C6C(=C7C8=CC=CC=C8N2C7=C53)CNC6=O)N(C)C(=O)COCCOCCNC(=O)C9=CC(=C(C=C9)C1=C2C=CC(=[N+](C)C)C=C2OC2=C1C=CC(=C2)N(C)C)C(=O)O)OC.[Cl-],8.09691
CCNC1=NC2=CC(=C(C=C2C(=N1)NC3=CC=C(C=C3)N4CCOCC4)OC)OC,8.09653
CCN(CC)C1=NC(=NC(=N1)N2CCN(CC2)CC3=CC4=C(C=C3)OCO4)NC5=CC=C(C=C5)N6CCOCC6,8.087671
C1COCCN1C2=CC=C(C=C2)NC3=NC(=NC(=C3)C4=CC5=C(C=C4)NC=C5)N,8.085551
COC1=C(C=C2C(=C1)C(=NC(=N2)NC3CCN(CC3)CC4=CC=CC=C4)NC5=CC=C(C=C5)N6CCOCC6)OC,8.082914
CN(C)C1=CC=CC(=C1)NC2=NC3=CC(=C(C=C3C(=N2)NC4=CC(=C(C(=C4)OC)OC)OC)OC)OC,8.081603
COC1=C(C=C2C(=C1)C(=NC(=N2)NC3=CC=C(C=C3)N4CCOCC4)NC5=CC=CC=C5)OC,8.070224
CC1=CC(=NC(=N1)NC2=CC(=CC=C2)N(C)C)NC3CCN(CC3)CC4=CC=CC=C4,8.066513
C1COCCN1C2=CC=C(C=C2)NC3=NC(=C4C(=N3)N(C=N4)C5=CSC=C5)NCC6=CC(=CC=C6)C(F)(F)F,8.064493
C1CCC(CC1)N2C=NC3=C(N=C(N=C32)N4CCN(CC4)CC5=CC6=C(C=C5)OCO6)NC7CCN(CC7)CC8=CC=CC=C8,8.062733
CC(C)N1C=NC2=C(N=C(N=C21)N3CCN(CC3)CC4=CC5=C(C=C4)OCO5)NCC6=CC(=CC=C6)C(F)(F)F,8.054383
CN1C2=CC=CC=C2N=C1NC3=NC4=CC(=C(C=C4C(=N3)NC5=CC=C(C=C5)N6CCOCC6)OC)OC,8.048371
CC1=CC(=NC(=N1)NC2=CC(=CC=C2)N(C)C)NCCC3=CC=C(C=C3)O,8.046385
CC1=CC(=NC(=N1)C2=CC=C(C=C2)OC)NC3=CC=C(C=C3)N4CCOCC4,8.0430155
CCOC1=CC=C(C=C1)C2C(=C(C(=O)N2C3=NC4=C(S3)C=C(C=C4)C)O)C(=O)C5=CC=CS5,8.040958
C1CN(CCC1NC2=C3C(=NC(=N2)NC4=CC=C(C=C4)N5CCOCC5)N(C=N3)C6=CSC=C6)CC7=CC=CC=C7,8.033577
COC1=CC=C(C=C1)CCNC2=C3C(=NC(=N2)NC4=CC=C(C=C4)N5CCOCC5)N(C=N3)C6=CC=CC=C6,8.032593
COC1=C(C=C2C(=C1)C(=NC(=N2)NC3=CC=CC=C3)NC4=CC=C(C=C4)N5CCOCC5)OC,8.020998
CC(C)OC1=CC=C(C=C1)NC(=O)N2CCN(CC2)C3=NC=NC4=CC(=C(C=C43)OC)OCCCN5CCCCC5,8.0
CNC(=O)C1=NC=CC(=C1)OC2=CC=C(C=C2)NC(=O)NC3=CC(=C(C=C3)Cl)C(F)(F)F,8.0
CC(C)(C)C1=CC(=NO1)NC(=O)NC2=CC=C(C=C2)C3=CN4C5=C(C=C(C=C5)OCCN6CCOCC6)SC4=N3,8.0
CCN(CC)CCNC(=O)C1=C(NC(=C1C)C=C2C3=C(C=CC(=C3)F)NC2=O)C,8.0
CC12C(C(CC(O1)N3C4=CC=CC=C4C5=C6C(=C7C8=CC=CC=C8N2C7=C53)C(NC6=O)O)N(C)C(=O)C9=CC=CC=C9)OC,8.0
CC12C(C(CC(O1)N3C4=CC=CC=C4C5=C6C(=C7C8=CC=CC=C8N2C7=C53)CNC6=O)N(C)C(=O)C9=CC=CC=C9)OC,8.0
CCNC1=C2C3=CC=CC=C3C(=O)C4=C2C(=CC=C4)N(C1=O)C,8.0
CC(C)(CC(=O)NCCN1C=CC2=C1C(=NC=N2)NC3=CC(=C(C=C3)OC4=CC=CC(=C4)C(F)(F)F)Cl)O,8.0
C1=CC(=C(C(=C1)Cl)C2=[N+](C=CC3=C(C=CN=C32)C4=C(C=C(C=C4)F)Cl)[O-])Cl,8.0
COC1=CC=C(C=C1)C2=C(N=CO2)C(=O)NCC3=CC=NC=C3,8.0
CC(C)(C(=O)NCCN1C=CC2=C1C(=NC=N2)NC3=CC(=C(C=C3)OC4=C5C=NSC5=CC=C4)Cl)N,8.0
CC1=CC=C(C=C1)S(=O)(=O)O.CC(C)(C(=O)NCCN1C=CC2=C1C(=NC=N2)NC3=CC(=C(C=C3)OC4=CC(=CC=C4)Cl)Cl)S(=O)(=O)C,8.0
CC(C)(C)NS(=O)(=O)C1=CN=CC(=C1)C2=CC3=NC(=NN3C=C2)N,8.0
CC1=C(C=CC(=C1F)S(=O)(=O)C)C(=O)N2CCOC3=C(C2)C=C(C=C3)C4=CN=C(C=C4)N,8.0
C1CNC2=C(C=C1C(=O)NCCO)C(=NC=N2)NC3=CC(=C(C=C3)OC4=C5C=CSC5=CC=C4)Cl,8.0
CN1C2=NC(=NC=C2C=C(C1=O)S(=O)(=O)C3=C(C=C(C=C3)F)F)NC4=CC5=C(C=C4)NC=C5,8.0
CC(C)(C)C(=O)N(C1=CC=CC=C1)C2=CC=CC(=C2)NC3=NC=C4C=C(C=CC4=N3)Br,8.0
CC(=O)NC1=CC=CC(=C1)NC2=NC=C3C=C(C=CC3=N2)C4=CN(N=C4)C,8.0
C1=CC=C(C=C1)NC2=NC3=CC=CC=C3C=N2,8.0
CN(C)C1=CC=CC(=C1)NC2=NC=NC3=C2NC=N3,8.0
CC(=O)NC1=CC=CC(=C1)NC2=NC=NC3=C2NC=N3,8.0
CC(C)(C)C(=O)N(C1=CC=CC=C1)C2=CC=CC(=C2)NC3=NC=C4C=C(C=CC4=N3)C5=CN(N=C5)C,8.0
C1=CC=C(C=C1)NC2=NC=NC3=C2NC=N3,8.0
C1=CC=C2C(=C1)C=NC(=N2)NC3=CC=C(C=C3)F,8.0
CC(=O)NC1=CC=CC(=C1)NC2=NC=C3C=C(C=CC3=N2)C4=CC(=CC=C4)N,8.0
C1=CC(=CC=C1NC2=NC=C3C=C(C=CC3=N2)Br)F,8.0
CC(=O)NC1=CC=CC(=C1)NC2=NC=C3C=C(C=CC3=N2)Br,8.0
C1=CC=C2C(=C1)C=NC(=N2)NC3=CC(=CC=C3)Cl,8.0
C1=CC(=CC(=C1)Cl)NC2=NC=NC3=C2NC=N3,8.0
C1=CC(=CC(=C1)N)C2=CC3=CN=C(N=C3C=C2)NC4=CC=CC(=C4)N,8.0
C1=CC(=CC(=C1)NC2=NC=C3C=C(C=CC3=N2)Br)N,8.0
C1=CC(=CC=C1NC2=NC=NC3=C2NC=N3)F,8.0
C1=CC=C2C(=C1)C=NC(=N2)NC3=CC=CC(=C3)N,8.0
C1=CC=C(C=C1)NC2=NC=C3C=C(C=CC3=N2)C4=CNN=C4,8.0
CN1C=C(C=N1)C2=CC3=CN=C(N=C3C=C2)NC4=CC=CC=C4,8.0
CC(C)(C)C(=O)N(C1=CC=CC=C1)C2=CC=CC(=C2)NC3=NC=C4C=C(C=CC4=N3)C5=CNN=C5,8.0
C1=CC=C(C=C1)NC2=NC=C3C=C(C=CC3=N2)C4=CC(=CC=C4)N,8.0
CN1C=C(C=N1)C2=CC3=CN=C(N=C3C=C2)NC4=CC=CC(=C4)N,8.0
C1=CC=C(C=C1)NC2=NC=C3C=C(C=CC3=N2)Br,8.0
CN(C)C1=CC=C(C=C1)C(=O)NC2=CC=CC(=C2)NC(=O)COC3=CC4=C(C=C3)C(=O)C=CO4,8.0
CS(=O)(=O)NC1=C(N=CC(=C1)C2=CC=NC=C2)Cl,8.0
COC1=C(C=C(C=N1)C2=CC3=C(COC3)C(=C2)NC(=O)CN4CCOCC4)NS(=O)(=O)C,8.0
CC(C)N1C=NN=C1C2=NC(=CC=C2)NC(=O)NC3=CN=CC4=CC=CC=C43,8.0
CC(C)N1C=NN=C1C2=NC(=CC=C2)NC(=O)NC3=CN=C4N3C=CC=C4,8.0
CC(C)N1C=NN=C1C2=NC(=CC=C2)NC(=O)OC3=CC=CC=C3,8.0
CC(C)N1C=NN=C1C2=NC(=CC=C2)NC(=O)NC3=CC(=NN3C)C4CC4,8.0
CC1=CN=C(N=C1NC2=CC=C(C=C2)N3CCOCC3)C4=CC(=CC=C4)N,7.990634
CC1=CC(=NC(=N1)N2CCN(CC2)CC3=CC4=C(C=C3)OCO4)NC5=CC6=C(C=C5)OCO6,7.9836354
COC1=C(C=C2C(=C1)C(=NC(=N2)NC3=CC=C(C=C3)N4CCOCC4)NCC5=CC=CC=C5)OC,7.980095
C1CN(CCC1NC2=NC(=C3C(=N2)N(C=N3)CC4=CC=C(C=C4)C(F)(F)F)NC5=CC=C(C=C5)N6CCOCC6)CC7=CC=CC=C7,7.970819
CN(C)C1=CC=CC(=C1)NC2=NC3=C(C(=N2)NC4=CC=C(C=C4)N5CCOCC5)NC=N3,7.965532
C1CN(CCC1NC2=NC(=NC=C2)NC3=CC=C(C=C3)N4CCOCC4)CC5=CC=CC=C5,7.959556
C1CN(CCN1CC2=CC3=C(C=C2)OCO3)C4=NC(=C5C(=N4)N(C=N5)C6=CSC=C6)NCCC7=CC=C(C=C7)O,7.956245
CC1=CC(=NC(=N1)NC2=CC=C(C=C2)N3CCOCC3)NC4=CC5=C(C=C4)OCO5,7.942144
C1COCCN1C2=CC=C(C=C2)NC3=NC(=NC4=C3NC=N4)NC5=CC6=C(C=C5)N=CC=C6,7.9322968
C1COCCN1C2=CC=C(C=C2)NC3=NC4=C(C(=N3)NCC5=CC(=CC=C5)C(F)(F)F)NC=N4,7.9157815
COC1=C(C=C2C(=C1)C(=NC(=N2)NC3=NC=CC4=CC=CC=C43)NC5=CC=C(C=C5)N6CCOCC6)OC,7.9123607
CN(C)C1=CC=CC(=C1)NC2=NC=CC(=N2)NC3=CC4=C(C=C3)OCO4,7.9019103
C1CC1NC2=C3C(=NC(=N2)NC4=CC=C(C=C4)N5CCOCC5)N(C=N3)C6=CSC=C6,7.9017024
CN(C)C1=CC=CC(=C1)NC2=NC3=CC(=C(C=C3C(=N2)NCC4=CC(=CC=C4)C(F)(F)F)OC)OC,7.8897133
CCN(CC)C(=O)C1CCCN(C1)C2=NC(=C3C(=N2)N(C=N3)CC4=CC=C(C=C4)C(F)(F)F)NC5=CC=C(C=C5)N6CCOCC6,7.881636
C1CN(CCN1C2=CC=CC=N2)C3=NC(=C4C(=N3)N(C=N4)C5=CSC=C5)NC6=CC=C(C=C6)N7CCOCC7,7.8779807
CSC1=NC(=NC2=C1NC=N2)N,7.876148
C1CN(CC2=CC=CC=C21)C3=NC=CC(=N3)NC4=CC=C(C=C4)N5CCOCC5,7.866557
COC1=C(C=C2C(=C1)C(=NC(=N2)NC3=CC=C(C=C3)N4CCOCC4)NC5CC5)OC,7.8650584
CN(C)C1=CC=CC(=C1)NC2=NC(=C3C(=N2)N(C=N3)CC4=CC=C(C=C4)C(F)(F)F)NCCC5=CC=C(C=C5)O,7.8630576
C1CN(CCN1CC2=CC3=C(C=C2)OCO3)C4=NC5=C(N4)C(=NC=N5)NC6=CC=C(C=C6)N7CCOCC7,7.8609085
CC(C)N1C=NC2=C(N=C(N=C21)N3CCN(CC3)C4=CC=CC=N4)NC5=CC=C(C=C5)N6CCOCC6,7.8580174
C1CCC(CC1)N2C=NC3=C(N=C(N=C32)NC4=CC=C(C=C4)N5C=CN=C5)NCCOC6=CC=CC=C6,7.8573604
COC1=CC(=CC(=C1OC)OC)NC2=NC(=C3C(=N2)N(C=N3)CC4=CC=C(C=C4)C(F)(F)F)NC5=CC=C(C=C5)N6CCOCC6,7.852571
C1CN(CCN1CC2=CC3=C(C=C2)OCO3)C4=NC(=C5C(=N4)N(C=N5)C6=CSC=C6)NC7=CC=C(C=C7)N8CCOCC8,7.840854
CC(C)N1C=NC2=C(N=C(N=C21)NC3=CC(=CC=C3)N(C)C)NC4CCN(CC4)CC5=CC=CC=C5,7.840072
C1COCCN1C2=CC=C(C=C2)NC3=NC=CC(=N3)NC4=CC5=C(C=C4)OCO5,7.8305607
CN(C)C1=CC=CC(=C1)NC2=NC(=C3C(=N2)N(C=N3)CC4=CC=C(C=C4)C(F)(F)F)NC5=CC6=C(C=C5)OCO6,7.8287125
COC1=CC(=CC(=C1OC)OC)NC2=C3C(=NC(=N2)C4=CC=C(C=C4)C(=O)N)N(C=N3)C5CCCCC5,7.8272805
CC(=C1C2=C3C(=NC1=O)C=CC=C3C(=O)C4=CC=CC=C42)O,7.823909
COC1=CC(=CC(=C1OC)OC)NC2=C3C(=NC(=N2)N4CCC5=CC=CC=C5C4)N(C=N3)C6=CC=CC=C6,7.8238797
CC1=CN=C(N=C1NC2=CC=C(C=C2)N3CCOCC3)C4=CC=C(C=C4)C(=O)N,7.814543
C1CN(CCN1CC2=CC3=C(C=C2)OCO3)C4=NC5=C(N4)C(=NC=N5)NCCC6=CC=C(C=C6)O,7.8043494
C1COCCN1C2=CC=C(C=C2)NC3=C4C(=NC(=N3)NC5=CN=CC=C5)N(C=N4)C6=CC=CC=C6,7.7991223
C1CN(CCC1NC2=C3C(=NC(=N2)NC4=CC=C(C=C4)N5CCOCC5)N(C=N3)CC6=CC=C(C=C6)C(F)(F)F)CC7=CC=CC=C7,7.791478
CC(C)N1C=NC2=C(N=C(N=C21)NC3=CC=C(C=C3)N4CCOCC4)NC5=CC=CC=C5,7.7841244
CN(C)C1=CC=CC(=C1)NC2=NC=CC(=N2)NCC3=CC(=CC=C3)C(F)(F)F,7.783702
CC1=C(OC2=CC=CC=C12)C(=O)NC3=CC(=CC=C3)N4C=NN=N4,7.7772837
C1COCCN1C2=CC=C(C=C2)NC3=CC(=NC(=N3)N)NC4=CC5=C(C=C4)OCO5,7.7758555
C1CCC(CC1)N2C=NC3=C(N=C(N=C32)N4CCN(CC4)CC5=CC6=C(C=C5)OCO6)NCCOC7=CC=CC=C7,7.775726
C1COCCN1C2=CC=C(C=C2)NC3=NC(=C4C(=N3)N(C=N4)C5=CC=CC=C5)NCC6=CN=CC=C6,7.7719336
C1CCN(CC1)C2=NC=NC3=C2NC=N3,7.7695513
COC1=CC=C(C=C1)C(=C2C(N(C(=O)C2=O)C3=NC4=C(S3)C=C(C=C4)F)C5=CC(=CC=C5)F)O,7.7695513
C1CN(CCN1CC2=CC3=C(C=C2)OCO3)C4=NC(=C5C(=N4)N(C=N5)CC6=CC=C(C=C6)C(F)(F)F)NC7=CC=C(C=C7)N8CCOCC8,7.76566
CC(C)N1C=NC2=C(N=C(N=C21)N3CCN(CC3)C4=CC=CC=N4)NC5CC5,7.76566
C1=CC(=CC(=C1)C(F)(F)F)CNC2=C3C(=NC(=N2)C4=CC=C(C=C4)C(=O)N)N(C=N3)CC5=CC=C(C=C5)C(F)(F)F,7.762783
CC1=CC(=NC(=N1)NC2=CC(=CC=C2)N(C)C)NCC3=CC(=CC=C3)C(F)(F)F,7.7616024
C1=CC=C(C=C1)N2C=NC3=C(N=C(N=C32)C4=CC=C(C=C4)C(=O)N)NCC5=CC(=CC=C5)C(F)(F)F,7.744631
CC(C)N1C=NC2=C(N=C(N=C21)N3CCN(CC3)CC4=CC5=C(C=C4)OCO5)NC6=CC=C(C=C6)N7CCOCC7,7.74451
COC1=NC=C(C=C1)C2=NC3=C(N2)C(=NC=N3)NC4=CC(=C(C(=C4)OC)OC)OC,7.7430177
CC1=CC(=NC(=N1)N2CCN(CC2)CC3=CC4=C(C=C3)OCO4)NCCC5=CC=C(C=C5)O,7.7416263
CCCNC1=C2C(=NC(=N1)NC3=CC=C(C=C3)N4CCOCC4)N(C=N2)C5CCCCC5,7.7404537
C1COCCN1C2=CC=C(C=C2)NC3=NC=NC4=C3NC(=N4)C5=CC(=CC=C5)N,7.739166
C1CN(CCC1NC2=NC(=C3C(=N2)N(C=N3)CC4=CC=C(C=C4)C(F)(F)F)NCCC5=CC=C(C=C5)O)CC6=CC=CC=C6,7.7370033
CC1=CC(=NC(=N1)NC2=CC=C(C=C2)N3CCOCC3)NC4CCN(CC4)CC5=CC=CC=C5,7.7273464
CC(C)N1C2=NC=NC(=C2N=C1NC3=CC(=CC=C3)N(C)C)NC4CCN(CC4)CC5=CC=CC=C5,7.725958
CC(=O)NC1=CC=C(C=C1)NC2=NC(=NC3=CC(=C(C=C32)OC)OC)NC4=NC=CC5=CC=CC=C54,7.7259116
COC1=CC(=C(C=C1)OC)NC2=NC(=NC3=C2NC=N3)N,7.7235384
CN(C)C1=CC=CC(=C1)NC2=NN=C(C=C2)N3C=C(C4=CC=CC=C43)CC(=O)NC5=CC6=C(C=C5)OCO6,7.722162
CC1=CN=C(N=C1NC2=CC(=C(C(=C2)OC)OC)OC)C3=CC=C(C=C3)C(=O)N,7.720333
CC(C)N1C=NC2=C(N=C(N=C21)NC3=CC=C(C=C3)N4C=CN=C4)NC5=CC=C(C=C5)N6CCOCC6,7.7199683
COC1=CC2=C(C=C1)OCC(C2)C(=O)NC3=C(C=C(C=C3)C4=CNN=C4)OCCOCC5=CC=CC=C5.C(=O)(C(F)(F)F)O,7.716111
C1COCCN1C2=NN(C=N2)C3=CC=C(C=C3)NC4=NC=C5C=CC(=CC5=N4)C6=NNN=C6.C(=O)(C(F)(F)F)O,7.716111
CC1=NN(C(=N1)C)C2=CC=C(C=C2)NC3=NC=CC(=N3)C4=CC(=CC=C4)N5N=CC=N5.C(=O)(C(F)(F)F)O,7.716111
CN1C=C(C=N1)C2=CC3=NC(=NC=C3C=C2)NC4=CC=C(C=C4)N5C=NC(=N5)N6CCOCC6.Cl,7.716111
CC1=C(C=NN1)C2=CC(=CC(=C2)C3=NC(=NC=C3)NC4=CC=C(C=C4)N5C(=NC(=N5)C)C)F.C(=O)(C(F)(F)F)O,7.716111
C1COCCN1C2=CC=C(C=C2)NC3=NC=CC(=C3)NC4=CC=CC=C4C(=O)NC5=CC=CC=C5,7.716111
C1C(OC2=CC=CC=C2O1)C(=O)NC3=CC=C(C=C3)C4=C5C=CNC5=NC=N4.C(=O)(C(F)(F)F)O,7.716111
CC1=C(C(=CC=C1)NC2=CC3=C(C=C2)N(N=C3)C4=CC=CC(=C4)C(=O)NCCN5CCN(CC5)CC6CC6)Cl.Cl.Cl.Cl,7.716111
CC1=C(C(=CC=C1)NC2=CC3=C(C=C2)N(N=C3)C4=CC=CC(=C4)C(=O)NCCN5CCNCC5)Cl.Cl.Cl.Cl,7.716111
COC1=CC(=CC(=C1OC)OC)NC(=O)C2=CC(=CC=C2)N3C=C(C=N3)NC(=O)NC4=CC=C(C=C4)C5=CC=CC=C5,7.716111
C1COCCN1C2=CC=C(C=C2)NC3=NC=CC(=C3)NC4=CC=CC=C4C5=NC=NN5,7.716111
C1CC1N2CCN(CC2)C3=CC(=CC(=C3)C4=NC(=NC=C4)NC5=CC=C(C=C5)N6CCC(CC6)O)F.C(=O)(C(F)(F)F)O,7.716111
CN1CCN(CC1)C2=NN(C=N2)C3=CC=C(C=C3)NC4=NC=CC(=N4)C5=CC(=CC(=C5)C#N)N6CCC(CC6)O.C(=O)(C(F)(F)F)O,7.716111
CN1C=C(C=N1)C2=C(C3=NC(=NC=C3C=C2)NC4=CC=C(C=C4)N5C=NC(=N5)N6CCOCC6)OC.C(=O)(C(F)(F)F)O,7.716111
C1CN(CCN1)C2=CC=C(C=C2)NC3=NC=C(C(=C3)N4C=NC(=N4)NC5=CC=CC=C5)F,7.716111
CC1=C(C(=NN1)C)C2=CC(=CC(=C2)C3=NC(=NC=C3)NC4=CC=C(C=C4)N5C=NC(=N5)N6CCOCC6)F.C(=O)(C(F)(F)F)O,7.716111
CC1=C(C=NN1)C2=CC(=CC(=C2)C3=NC(=NC=C3)NC4=CC=C(C=C4)N5C=NC(=N5)C)F.C(=O)(C(F)(F)F)O,7.716111
C1COCCN1C2=CC=C(C=C2)NC3=NC=CC(=C3)C4=C(N(N=C4)CCC5=CC=CC=C5)NC6=CC=CC=C6,7.716111
CN1CCN(CC1)C2=NC(=NC3=C2C=C(C=C3)C4=CNN=C4)C5COC6=CC=CC=C6O5.C(=O)(C(F)(F)F)O.C(=O)(C(F)(F)F)O.C(=O)(C(F)(F)F)O,7.716111
CC1=NC=C(C=C1)C2=NN(C=N2)C3=CC=C(C=C3)NC4=NC=C(C(=N4)C5=CC=NN5C)Cl.C(=O)(C(F)(F)F)O,7.716111
C1COCCN1C2=CC=C(C=C2)NC3=NC=CC(=C3)C4=NN(C(=C4)NC5=CC=CC=C5)CCC6=CC=CC=C6,7.716111
CC1=NC=C(C=C1)C2=CC=CC3=CN=C(N=C32)NC4=CC=C(C=C4)N5C=NC(=N5)C.C(=O)(C(F)(F)F)O.C(=O)(C(F)(F)F)O,7.716111
C1COCCN1CCNC(=O)C2=CC(=CC=C2)N3C4=C(C=C(C=C4)NC5=C(C=CC=C5F)[N+](=O)[O-])C=N3,7.716111
CC1=CNC2=NC=NC(=C12)C3=CC=C(C=C3)NC(=O)NC4=CC=CC(=C4)C(=O)NC(C)C.C(=O)(C(F)(F)F)O,7.716111
C1CC1C2=NC3=C(C=C(C=C3)C4=NC(=NC=C4)NC5=CC=C(C=C5)C6=CC=CNC6=O)C(=O)N2.C(=O)(C(F)(F)F)O,7.716111
CC(C)NC(=O)C1=CC(=CC=C1)NC(=O)NC2=CC=C(C=C2)C3=C4C=CNC4=NC=C3.C(=O)(C(F)(F)F)O,7.716111
CC1=NC=C(C=C1)C2=NN(C=N2)C3=CC=C(C=C3)NC4=NC=CC(=N4)C5=CN=CC6=CC=CC=C65,7.716111
COC1=CC2=C(C=C1)OCC(C2)C(=O)NC3=C(C=C(C=C3)C4=CNN=C4)OCCN(CC5=CC=CC=C5)CC6=CC=CC=C6.C(=O)(C(F)(F)F)O.C(=O)(C(F)(F)F)O,7.716111
CN1C=C(C=N1)C2=C(C3=NC(=NC=C3C=C2)NC4=CC=C(C=C4)C5=CN=C(C=C5)N6CCOCC6)Cl.C(=O)(C(F)(F)F)O,7.716111
CC1=C(C(=CC=C1)Cl)NC(=O)NC2=CN(N=C2)C3=CC=CC(=C3)C(=O)NC4=CC(=C(C(=C4)OC)OC)OC,7.716111
CC1=CC=CC=C1C2=CSC=C2NC3=CN(N=C3)C4=CC=CC(=C4)C(=O)NC5=CC=C(C=C5)N6CCOCC6.C(=O)(C(F)(F)F)O,7.716111
C1COCCN1C2=CC=C(C=C2)NC3=NC=CC(=C3)C4=NOC(=C4C5=CC=C(C=C5)F)NCC6=CC=CC=C6.C(=O)(C(F)(F)F)O,7.716111
C1CNC(=O)C2=NC=CC2=C1C3=C(NC(=C3)N)O,7.716111
C1COCCN1C2=CC=C(C=C2)NC3=NC=CC(=N3)C4=CC5=C(C=C4)NN=C5,7.716111
CN(C)C1=CC(=CC(=C1)C2=NC(=NC=C2)NC3=CC=C(C=C3)N4C=NC(=N4)N5CCC(CC5)O)F,7.716111
C1COCCN1C2=CC=C(C=C2)NC3=NC=CC(=C3)NC4=CC5=CC=CC=C5C=C4C(=O)N.C(=O)(C(F)(F)F)O,7.716111
CC1=NC=C(C=C1)C2=NN(C=N2)C3=CC=C(C=C3)NC4=NC=CC(=N4)C5=CC(=CN=C5)N6CCOCC6,7.716111
C1COCCN1C2=NC(=NC3=C2C=C(C=C3)C4=CNN=C4)C5COC6=CC=CC=C6O5.C(=O)(C(F)(F)F)O.C(=O)(C(F)(F)F)O,7.716111
CC1=NN(C(=N1)C)C2=CC=C(C=C2)NC3=NC=CC(=N3)C4=CC(=CC(=C4)F)C5=NC=CO5.C(=O)(C(F)(F)F)O,7.716111
C1CC1N2CCN(CC2)C3=CC(=CC(=C3)C4=NC(=NC=C4)NC5=CC=C(C=C5)N6CCOCC6)F.C(=O)(C(F)(F)F)O,7.716111
CC1=C(C=NN1)C2=CC3=C(C=C2)N=C(S3)NC(=O)C4CC5=C(C=CC(=C5)F)OC4.C(=O)(C(F)(F)F)O.C(=O)(C(F)(F)F)O,7.716111
CC1=CNC2=NC=NC(=C12)C3=CC=C(C=C3)NC(=O)NC4=CC=CC=C4.C(=O)(C(F)(F)F)O,7.716111
CC1=NN(C(=N1)C)C2=CC=C(C=C2)NC3=NC=CC(=N3)C4=CC(=CC=C4)N5C=NC=N5.C(=O)(C(F)(F)F)O,7.716111
CC(C)CNC(=O)C1=CC2=C(C=C1)OCC(C2)C3=NC4=C(N3)C=C(C=N4)C5=NC(=NC=C5)N.C(=O)(C(F)(F)F)O.C(=O)(C(F)(F)F)O,7.716111
C1COCCN1C2=CC=C(C=C2)NC3=NC=CC(=C3)C4=NN(C(=C4)NC5=CC=CC=C5)C6=CC=CC=C6,7.716111
C1COCCN1C2=CC=C(C=C2)NC3=NC=CC(=N3)C4=CC(=CC(=C4)N5CCOCC5)C(F)(F)F,7.716111
COC1=NC=C(C=C1)C2=NN(C=N2)C3=CC=C(C=C3)NC4=NC=CC(=N4)C5=CC(=CC(=C5)C#N)N6CCNCC6.C(=O)(C(F)(F)F)O,7.716111
CC1=CC2=C(C=C1)OCC(C2)C3=NC4=C(C=C(C=C4OC)C5=CNN=C5)C(=O)N3.C(=O)(C(F)(F)F)O,7.716111
CC(=O)C1=CC=CC(=C1)C2=NC(=C3C(=N2)N(C=N3)CC4=CC=C(C=C4)C(F)(F)F)NCC5=CC=CC=C5,7.71584
CC(C)N1C=NC2=C(N=C(N=C21)N3CCOCC3)NC4=CC=C(C=C4)OC5=CC=CC=C5,7.715592
CC1=CN=C(N=C1NCCC2=CC=C(C=C2)OC)NC3=CC=C(C=C3)N4CCOCC4,7.711952
C1CN(CCC1NC2=NC(=NC3=C2NC=N3)NC4=CC=C(C=C4)N5CCOCC5)CC6=CC=CC=C6,7.706394
CCN(CC)C1=NC(=NC(=N1)N2CCC(CC2)N3CCOCC3)NC4=CC5=C(C=C4)OCO5,7.7039714
C1=CC(=CC(=C1)C(F)(F)F)CNC2=C3C(=NC(=N2)NC4=CC5=C(C=C4)N=CC=C5)N(C=N3)CC6=CC=C(C=C6)C(F)(F)F,7.7024584
C1CC1NC(=O)C2=CC=C(C=C2)C3=NC(=C4C(=N3)N(C=N4)C5=CC=CC=C5)NCC6=CC(=CC=C6)C(F)(F)F,7.7018456
C1CC(=O)N(C1)CCCNC2=C3C(=NC(=N2)NC4=CC=C(C=C4)N5C=CN=C5)N(C=N3)C6=CSC=C6,7.7013216
CC1=CC(=NC(=N1)NC2=CC(=CC=C2)N(C)C)NC3=CC=C(C=C3)N4CCOCC4,7.7012343
C1COCCN1C2=NC=C(C=C2)C3=NC(=C4C(=N3)N(C=N4)CC5=CC=C(C=C5)C(F)(F)F)NCC6=CC=CC=C6,7.701147
C1COCCN1C2=CC=C(C=C2)NC3=C4C(=NC(=N3)NCC5=CC6=C(C=C5)OCO6)N(C=N4)C7=CSC=C7,7.70106
C1CN(CCN1CC2=CC3=C(C=C2)OCO3)C4=NC(=C5C(=N4)N(C=N5)C6=CSC=C6)NC7=CC8=C(C=C7)OCO8,7.701016
CC(C)N1C=NC2=C(N=C(N=C21)NC3=CC(=CC=C3)N(C)C)NC4=CC5=C(C=C4)OCO5,7.700732
CN(C)C1=CC=CC(=C1)NC2=NC(=C3C(=N2)N(C=N3)C4CCCCC4)NCCC5=CC=C(C=C5)O,7.699535
CN1C=CC2=C1C=CC(=C2)C3=CC(=NC(=N3)N)NC4=CC=C(C=C4)N5CCOCC5,7.699035
CC(C)N1C=NC2=C(N=C(N=C21)NC3=CC=C(C=C3)N4CCOCC4)NC5=CC6=C(C=C5)OCO6,7.6988397
C1CN(CCN1C2=CC=CC=N2)C3=NC(=C4C(=N3)N(C=N4)CC5=CC=C(C=C5)C(F)(F)F)NC6=CC=C(C=C6)N7CCOCC7,7.698775
C1CN(CCN1C2=CC=CC=N2)C3=NC(=C4C(=N3)N(C=N4)C5=CSC=C5)NCC6=CC(=CC=C6)C(F)(F)F,7.6987314
C1CN(CCN1CC2=CC3=C(C=C2)OCO3)C4=NN=C(C=C4)N5C=C(C6=CC=CC=C65)CC(=O)NC7=CC=C(C=C7)N8CCOCC8,7.6986446
CN(C)C1=CC=CC(=C1)NC2=NC(=C3C(=N2)N(C=N3)C4=CC=CC=C4)NCCC5=CC=C(C=C5)O,7.698536
CC(C)N1C=NC2=C(N=C(N=C21)NC3=CC(=CC=C3)N(C)C)NCCC4=CC=C(C=C4)OC,7.698471
COC1=C(C=C2C(=C1)C(=NC(=N2)NC3=CC=C(C=C3)N4C=CN=C4)NC5=CC6=C(C=C5)OCO6)OC,7.698449
CN(C)C1=CC=CC(=C1)NC2=NC=CC(=C2)C(=O)NCCC3=CC=C(C=C3)OC,7.6983843
C1CN(CCN1C2=CC=CC=N2)C3=NC(=C4C(=N3)N(C=N4)CC5=CC=C(C=C5)C(F)(F)F)NC6=CC7=C(C=C6)OCO7,7.698232
C1CN(CC2=CC=CC=C21)C3=NC(=C4C(=N3)N(C=N4)C5=CC=CC=C5)NC6=CC=C(C=C6)OC7=CC=CC=C7,7.698124
CC(C)N1C(=NC2=C(N=CN=C21)NC3=CC=C(C=C3)OC4=CC=CC=C4)C5=CC=C(C=C5)C(=O)N,7.697929
C1=CC=C(C=C1)CNC2=C3C(=NC(=N2)NC4=CC=CC=C4)N(C=N3)CC5=CC=C(C=C5)C(F)(F)F,7.6978207
C1CN(CCN1CC2=CC3=C(C=C2)OCO3)C4=NC(=C5C(=N4)N(C=N5)C6=CC=CC=C6)NCC7=CC(=CC=C7)C(F)(F)F,7.6975822
C1CCC(CC1)N2C=NC3=C(N=C(N=C32)NC4=CC=C(C=C4)N5CCOCC5)NCC6=CN=CC=C6,7.697561
C1CN(CCN1CC2=CC3=C(C=C2)OCO3)C4=NC=CC(=N4)NC5=CC6=C(C=C5)OCO6,7.6975174
CC(C)N1C=NC2=C(N=C(N=C21)N3CCC4=CC=CC=C4C3)NC5=CC(=C(C(=C5)OC)OC)OC,7.697431
CC1=CN=C(N=C1NC2=CC=C(C=C2)N3CCOCC3)C4=CSC5=CC=CC=C54,7.6972795
CN(C)C1=CC=CC(=C1)NC2=NN=C(C=C2)N3C=C(C4=CC=CC=C43)CC(=O)NC5=CC=C(C=C5)N6CCOCC6,7.6958327
C1CN(CCC1NC2=NC(=C3C(=N2)N(C=N3)CC4=CC=C(C=C4)C(F)(F)F)NC5=CC6=C(C=C5)OCO6)CC7=CC=CC=C7,7.688437
C1CN(CCN1C2=CC=CC=N2)C3=NC(=C4C(=N3)N(C=N4)C5=CSC=C5)NCCC6=CC=C(C=C6)O,7.6708055
C1OC2=C(O1)C=C(C=C2)NC(=O)CC3=CN(C4=CC=CC=C43)C5=NN=C(C=C5)NC6=NC=CC7=CC=CC=C76,7.6652446
CC1=CN=C(N=C1NC2=CC=C(C=C2)N3CCOCC3)NC4=NC5=CC=CC=C5N4C,7.6622415
C1COCCN1C2=CC=C(C=C2)NC3=NC(=NC=C3)C4=CSC5=CC=CC=C54,7.6613045
C1OC2=C(O1)C=C(C=C2)NC3=NC=NC4=C3NC(=N4)NC5=CC=C(C=C5)N6C=CN=C6,7.6597147
C1OC2=C(O1)C=C(C=C2)NC3=C4C(=NC(=N3)NC5=CC=CC=C5)N(C=N4)CC6=CC=C(C=C6)C(F)(F)F,7.657913
CN(C)C1=CC=CC(=C1)NC2=NC=NC(=C2)NC3=CC=CC=C3,7.6539407
COC1=CC=C(C=C1)CCNC2=C3C(=NC(=N2)NC4CCN(CC4)CC5=CC=CC=C5)N(C=N3)C6CCCCC6,7.651014
COC1=CC=C(C=C1)CCNC2=C3C(=NC(=N2)N4CCN(CC4)CC5=CC6=C(C=C5)OCO6)N(C=N3)C7CCCCC7,7.647798
C1CCC(CC1)N2C=NC3=C(N=C(N=C32)N4CCN(CC4)C5=CC=CC=N5)NC6=CC=C(C=C6)N7CCOCC7,7.6429234
C1CN(CCC1NC2=NC(=NC(=C2)NC3=CC=C(C=C3)N4CCOCC4)N)CC5=CC=CC=C5,7.635674
CN1C2=CC=CC3=C2C(=C(C1=O)NCCO)C4=CC=CC=C4C3=O,7.60206
C1CCC(CC1)COC2=NC(=NC3=C2NC=N3)N,7.600326
CCCN(CCC)C1=NC=NC2=C1NC=N2,7.5883803
CC1=C(C(=NO1)C)C2=NC(=C3C(=N2)N(C=N3)CC4=CC=C(C=C4)C(F)(F)F)NC5=CC(=C(C(=C5)OC)OC)OC,7.5606833
CC1CCC(CN1C2=NC(=NC(=C2)C3=CC4=C(C=C3)C(=NN4)N)NC)C(=O)NC5CCCCC5,7.5600047
CC1=CC2=C(C=C1)N=C(S2)N3C(C(=C(C3=O)O)C(=O)C4=CC=CO4)C5=CC=C(C=C5)Br,7.549751
C1=COC(=C1)C(=O)C2=C(C(=O)N(C2C3=CC=C(C=C3)Br)C4=NC5=C(S4)C=C(C=C5)F)O,7.549751
C1=CC(=CC(=C1)Cl)C2C(=C(C(=O)N2C3=NC4=C(S3)C=C(C=C4)F)O)C(=O)C5=CC=CO5,7.549751
C1=CC(=CC(=C1)Br)C2C(=C(C(=O)N2C3=NC4=C(S3)C=C(C=C4)F)O)C(=O)C5=CC=CO5,7.530178
CC(C)(C)C1=CC(=C(S1)NC(=O)NC2=C(C(=CC=C2)Cl)Cl)C(=O)N3CCC(=O)N(CC3)CCN(C)C,7.5228786
CC1=CC=C(C=C1)N2C(=CC(=N2)C(C)(C)C)NC(=O)NC3=CC=C(C4=CC=CC=C43)OCCN5CCOCC5,7.5228786
CC1=CC2=C(C=C1)N=C(S2)N3C(C(=C(C3=O)O)C(=O)C4=CC=CO4)C5=CC=C(C=C5)Cl,7.519993
CC1=CC2=C(C=C1)N=C(S2)N3C(C(=C(C3=O)O)C(=O)C4=CC=CO4)C5=CC(=CC=C5)Br,7.5086384
COC(=O)C1=CC=C(C=C1)C=C2C(=O)N(C(=S)S2)C3=CC(=C(C=C3)O)C(=O)O,7.481486
C1=CN=CC=C1C=C2C(=O)N(C(=S)S2)CC(=O)O,7.481486
C1=CC(=CC(=C1)Br)C=C2C(=O)NC(=S)S2,7.481486
C1=CC(=CN=C1)C=C2C(=O)NC(=S)S2,7.481486
C1=CC=C(C(=C1)C2=CC=C(O2)C=C3C(=O)NC(=S)S3)[N+](=O)[O-],7.481486
C1=CC=C(C=C1)CC(C(=O)O)N2C(=O)C(=CC3=CC=NC=C3)SC2=S,7.481486
C1=CC(=CN=C1)C=C2C(=O)N(C(=S)S2)C3=CC=C(C=C3)C(=O)O,7.481486
C1=CC(=CC=C1N2C(=O)C(=CC3=CC=C(O3)C4=CC(=C(C=C4)Cl)Cl)SC2=S)F,7.481486
C1=COC(=C1)C=C2C(=O)N(C(=S)S2)CC(=O)O,7.481486
C1=CC=C(C=C1)NN2C(=O)C(=CC3=C(C=C(C=C3)Cl)Cl)SC2=S,7.481486
COC(=O)CCCN1C(=O)C(=CC2=CC=C(O2)C3=CC=C(C=C3)Br)SC1=S,7.481486
C1=CC(=CN=C1)N2C(=O)C(=CC3=CC=CO3)SC2=S,7.481486
COC(=O)CCCN1C(=O)C(=CC2=CC=C(O2)C3=CC=CC=C3F)SC1=S,7.481486
CC1=CC=C2C3=C(C4=CC=CC=C4C2=O)C(=C(C)O)C(=O)N=C13,7.455932
CN1C2=CC=CC3=C2C(=C(C1=O)C(=O)C4=CC=CC=C4)C5=CC=CC=C5C3=O,7.455932
CC1=CC=C(O1)C(=O)C2=C(C(=O)N(C2C3=CC=CC=C3OC)C4=NC5=C(C=C(C=C5S4)C)C)O,7.449772
CC1=CC2=C(C=C1)N=C(S2)N3C(C(=C(C3=O)O)C(=O)C4=CC=C(O4)C)C5=CC(=C(C=C5)OC)OC,7.4202166
C1=CC(=CC(=C1)F)C2C(=C(C(=O)N2C3=NC4=C(S3)C=C(C=C4)F)O)C(=O)C5=CC=CO5,7.37059
COC1C2=C3C4=CC=CC=C4NC3=C5C(=C2C(=O)N1)C6=C(N5)C=CC(=C6)O,7.30103
CC1C(C(CC(O1)N2C3=CC=CC=C3C4=C5C(=C6C7=C(C=CC(=C7)O)NC6=C42)CNC5=O)NC(=O)C)O,7.30103
CC1=CC(=C2C(=C1)SC(=N2)N3C(C(=C(C3=O)O)C(=O)C4=CC=CO4)C5=CC=CC=C5)C,7.2006593
CN1C=C(C2=CC=CC=C21)C=C3C4=CC=CC=C4NC3=O,7.0824943
CCN1C=C(N=C1)NC(=O)C2=CSC=N2,7.0
CCN1C=C(N=C1)NC(=O)C2=COC=C2,6.30103
